Alert_ID,Tourist_ID,Restricted_Area,Entry_Time,Exit_Time,Alert_Status
1,854,Cliff Area,2025-01-01 00:00:00,2025-01-01 01:00:00,Triggered
2,485,Cliff Area,2025-01-01 01:00:00,2025-01-01 02:00:00,Resolved
3,400,Unsafe Market,2025-01-01 02:00:00,2025-01-01 03:00:00,Triggered
4,193,Unsafe Market,2025-01-01 03:00:00,2025-01-01 04:00:00,Triggered
5,419,Border Zone,2025-01-01 04:00:00,2025-01-01 05:00:00,Triggered
6,236,Unsafe Market,2025-01-01 05:00:00,2025-01-01 06:00:00,Resolved
7,123,Cliff Area,2025-01-01 06:00:00,2025-01-01 07:00:00,Resolved
8,655,Construction Site,2025-01-01 07:00:00,2025-01-01 08:00:00,Triggered
9,234,Unsafe Market,2025-01-01 08:00:00,2025-01-01 09:00:00,Triggered
10,88,Unsafe Market,2025-01-01 09:00:00,2025-01-01 10:00:00,Triggered
11,23,Cliff Area,2025-01-01 10:00:00,2025-01-01 11:00:00,Triggered
12,357,Cliff Area,2025-01-01 11:00:00,2025-01-01 12:00:00,Resolved
13,442,Border Zone,2025-01-01 12:00:00,2025-01-01 13:00:00,Resolved
14,347,Construction Site,2025-01-01 13:00:00,2025-01-01 14:00:00,Triggered
15,312,Cliff Area,2025-01-01 14:00:00,2025-01-01 15:00:00,Resolved
16,880,Border Zone,2025-01-01 15:00:00,2025-01-01 16:00:00,Resolved
17,370,Cliff Area,2025-01-01 16:00:00,2025-01-01 17:00:00,Triggered
18,665,Border Zone,2025-01-01 17:00:00,2025-01-01 18:00:00,Triggered
19,141,Unsafe Market,2025-01-01 18:00:00,2025-01-01 19:00:00,Resolved
20,707,Border Zone,2025-01-01 19:00:00,2025-01-01 20:00:00,Resolved
21,255,Construction Site,2025-01-01 20:00:00,2025-01-01 21:00:00,Resolved
22,300,Cliff Area,2025-01-01 21:00:00,2025-01-01 22:00:00,Triggered
23,12,Border Zone,2025-01-01 22:00:00,2025-01-01 23:00:00,Triggered
24,879,Construction Site,2025-01-01 23:00:00,2025-01-02 00:00:00,Triggered
25,81,Border Zone,2025-01-02 00:00:00,2025-01-02 01:00:00,Resolved
26,758,Border Zone,2025-01-02 01:00:00,2025-01-02 02:00:00,Triggered
27,743,Unsafe Market,2025-01-02 02:00:00,2025-01-02 03:00:00,Resolved
28,930,Cliff Area,2025-01-02 03:00:00,2025-01-02 04:00:00,Resolved
29,602,Unsafe Market,2025-01-02 04:00:00,2025-01-02 05:00:00,Resolved
30,779,Cliff Area,2025-01-02 05:00:00,2025-01-02 06:00:00,Triggered
31,288,Cliff Area,2025-01-02 06:00:00,2025-01-02 07:00:00,Resolved
32,157,Cliff Area,2025-01-02 07:00:00,2025-01-02 08:00:00,Triggered
33,678,Border Zone,2025-01-02 08:00:00,2025-01-02 09:00:00,Triggered
34,502,Unsafe Market,2025-01-02 09:00:00,2025-01-02 10:00:00,Resolved
35,419,Cliff Area,2025-01-02 10:00:00,2025-01-02 11:00:00,Resolved
36,784,Construction Site,2025-01-02 11:00:00,2025-01-02 12:00:00,Triggered
37,669,Unsafe Market,2025-01-02 12:00:00,2025-01-02 13:00:00,Resolved
38,90,Construction Site,2025-01-02 13:00:00,2025-01-02 14:00:00,Triggered
39,532,Unsafe Market,2025-01-02 14:00:00,2025-01-02 15:00:00,Resolved
40,70,Border Zone,2025-01-02 15:00:00,2025-01-02 16:00:00,Triggered
41,938,Unsafe Market,2025-01-02 16:00:00,2025-01-02 17:00:00,Triggered
42,963,Construction Site,2025-01-02 17:00:00,2025-01-02 18:00:00,Resolved
43,587,Border Zone,2025-01-02 18:00:00,2025-01-02 19:00:00,Resolved
44,66,Border Zone,2025-01-02 19:00:00,2025-01-02 20:00:00,Resolved
45,273,Unsafe Market,2025-01-02 20:00:00,2025-01-02 21:00:00,Resolved
46,782,Construction Site,2025-01-02 21:00:00,2025-01-02 22:00:00,Triggered
47,789,Border Zone,2025-01-02 22:00:00,2025-01-02 23:00:00,Resolved
48,743,Border Zone,2025-01-02 23:00:00,2025-01-03 00:00:00,Triggered
49,941,Cliff Area,2025-01-03 00:00:00,2025-01-03 01:00:00,Resolved
50,545,Border Zone,2025-01-03 01:00:00,2025-01-03 02:00:00,Triggered
51,777,Border Zone,2025-01-03 02:00:00,2025-01-03 03:00:00,Resolved
52,542,Border Zone,2025-01-03 03:00:00,2025-01-03 04:00:00,Resolved
53,503,Cliff Area,2025-01-03 04:00:00,2025-01-03 05:00:00,Resolved
54,607,Unsafe Market,2025-01-03 05:00:00,2025-01-03 06:00:00,Triggered
55,613,Border Zone,2025-01-03 06:00:00,2025-01-03 07:00:00,Triggered
56,719,Construction Site,2025-01-03 07:00:00,2025-01-03 08:00:00,Triggered
57,464,Unsafe Market,2025-01-03 08:00:00,2025-01-03 09:00:00,Triggered
58,481,Cliff Area,2025-01-03 09:00:00,2025-01-03 10:00:00,Resolved
59,703,Border Zone,2025-01-03 10:00:00,2025-01-03 11:00:00,Resolved
60,914,Unsafe Market,2025-01-03 11:00:00,2025-01-03 12:00:00,Triggered
61,844,Border Zone,2025-01-03 12:00:00,2025-01-03 13:00:00,Resolved
62,690,Construction Site,2025-01-03 13:00:00,2025-01-03 14:00:00,Resolved
63,862,Border Zone,2025-01-03 14:00:00,2025-01-03 15:00:00,Resolved
64,941,Construction Site,2025-01-03 15:00:00,2025-01-03 16:00:00,Triggered
65,372,Construction Site,2025-01-03 16:00:00,2025-01-03 17:00:00,Resolved
66,15,Border Zone,2025-01-03 17:00:00,2025-01-03 18:00:00,Triggered
67,607,Cliff Area,2025-01-03 18:00:00,2025-01-03 19:00:00,Triggered
68,26,Cliff Area,2025-01-03 19:00:00,2025-01-03 20:00:00,Resolved
69,695,Border Zone,2025-01-03 20:00:00,2025-01-03 21:00:00,Resolved
70,286,Border Zone,2025-01-03 21:00:00,2025-01-03 22:00:00,Resolved
71,267,Cliff Area,2025-01-03 22:00:00,2025-01-03 23:00:00,Resolved
72,211,Cliff Area,2025-01-03 23:00:00,2025-01-04 00:00:00,Triggered
73,834,Border Zone,2025-01-04 00:00:00,2025-01-04 01:00:00,Triggered
74,928,Cliff Area,2025-01-04 01:00:00,2025-01-04 02:00:00,Triggered
75,800,Construction Site,2025-01-04 02:00:00,2025-01-04 03:00:00,Triggered
76,692,Construction Site,2025-01-04 03:00:00,2025-01-04 04:00:00,Resolved
77,697,Unsafe Market,2025-01-04 04:00:00,2025-01-04 05:00:00,Triggered
78,953,Border Zone,2025-01-04 05:00:00,2025-01-04 06:00:00,Triggered
79,388,Construction Site,2025-01-04 06:00:00,2025-01-04 07:00:00,Triggered
80,419,Border Zone,2025-01-04 07:00:00,2025-01-04 08:00:00,Resolved
81,33,Construction Site,2025-01-04 08:00:00,2025-01-04 09:00:00,Resolved
82,836,Cliff Area,2025-01-04 09:00:00,2025-01-04 10:00:00,Triggered
83,177,Border Zone,2025-01-04 10:00:00,2025-01-04 11:00:00,Resolved
84,598,Border Zone,2025-01-04 11:00:00,2025-01-04 12:00:00,Triggered
85,153,Border Zone,2025-01-04 12:00:00,2025-01-04 13:00:00,Triggered
86,17,Cliff Area,2025-01-04 13:00:00,2025-01-04 14:00:00,Triggered
87,137,Construction Site,2025-01-04 14:00:00,2025-01-04 15:00:00,Triggered
88,119,Border Zone,2025-01-04 15:00:00,2025-01-04 16:00:00,Resolved
89,285,Unsafe Market,2025-01-04 16:00:00,2025-01-04 17:00:00,Resolved
90,251,Unsafe Market,2025-01-04 17:00:00,2025-01-04 18:00:00,Resolved
91,766,Unsafe Market,2025-01-04 18:00:00,2025-01-04 19:00:00,Triggered
92,209,Construction Site,2025-01-04 19:00:00,2025-01-04 20:00:00,Triggered
93,362,Unsafe Market,2025-01-04 20:00:00,2025-01-04 21:00:00,Resolved
94,309,Border Zone,2025-01-04 21:00:00,2025-01-04 22:00:00,Triggered
95,684,Unsafe Market,2025-01-04 22:00:00,2025-01-04 23:00:00,Resolved
96,59,Border Zone,2025-01-04 23:00:00,2025-01-05 00:00:00,Resolved
97,863,Unsafe Market,2025-01-05 00:00:00,2025-01-05 01:00:00,Resolved
98,350,Cliff Area,2025-01-05 01:00:00,2025-01-05 02:00:00,Resolved
99,823,Unsafe Market,2025-01-05 02:00:00,2025-01-05 03:00:00,Resolved
100,801,Construction Site,2025-01-05 03:00:00,2025-01-05 04:00:00,Resolved
101,747,Construction Site,2025-01-05 04:00:00,2025-01-05 05:00:00,Triggered
102,307,Unsafe Market,2025-01-05 05:00:00,2025-01-05 06:00:00,Resolved
103,372,Construction Site,2025-01-05 06:00:00,2025-01-05 07:00:00,Triggered
104,864,Unsafe Market,2025-01-05 07:00:00,2025-01-05 08:00:00,Resolved
105,770,Cliff Area,2025-01-05 08:00:00,2025-01-05 09:00:00,Resolved
106,876,Cliff Area,2025-01-05 09:00:00,2025-01-05 10:00:00,Triggered
107,572,Border Zone,2025-01-05 10:00:00,2025-01-05 11:00:00,Triggered
108,631,Unsafe Market,2025-01-05 11:00:00,2025-01-05 12:00:00,Triggered
109,422,Construction Site,2025-01-05 12:00:00,2025-01-05 13:00:00,Triggered
110,81,Construction Site,2025-01-05 13:00:00,2025-01-05 14:00:00,Resolved
111,924,Unsafe Market,2025-01-05 14:00:00,2025-01-05 15:00:00,Resolved
112,125,Cliff Area,2025-01-05 15:00:00,2025-01-05 16:00:00,Triggered
113,87,Border Zone,2025-01-05 16:00:00,2025-01-05 17:00:00,Resolved
114,265,Construction Site,2025-01-05 17:00:00,2025-01-05 18:00:00,Triggered
115,387,Construction Site,2025-01-05 18:00:00,2025-01-05 19:00:00,Triggered
116,654,Unsafe Market,2025-01-05 19:00:00,2025-01-05 20:00:00,Triggered
117,361,Border Zone,2025-01-05 20:00:00,2025-01-05 21:00:00,Resolved
118,920,Border Zone,2025-01-05 21:00:00,2025-01-05 22:00:00,Triggered
119,919,Construction Site,2025-01-05 22:00:00,2025-01-05 23:00:00,Resolved
120,433,Cliff Area,2025-01-05 23:00:00,2025-01-06 00:00:00,Resolved
121,852,Border Zone,2025-01-06 00:00:00,2025-01-06 01:00:00,Resolved
122,53,Unsafe Market,2025-01-06 01:00:00,2025-01-06 02:00:00,Triggered
123,115,Construction Site,2025-01-06 02:00:00,2025-01-06 03:00:00,Triggered
124,936,Border Zone,2025-01-06 03:00:00,2025-01-06 04:00:00,Resolved
125,691,Construction Site,2025-01-06 04:00:00,2025-01-06 05:00:00,Triggered
126,661,Unsafe Market,2025-01-06 05:00:00,2025-01-06 06:00:00,Resolved
127,390,Unsafe Market,2025-01-06 06:00:00,2025-01-06 07:00:00,Triggered
128,433,Cliff Area,2025-01-06 07:00:00,2025-01-06 08:00:00,Triggered
129,239,Construction Site,2025-01-06 08:00:00,2025-01-06 09:00:00,Triggered
130,56,Cliff Area,2025-01-06 09:00:00,2025-01-06 10:00:00,Triggered
131,731,Unsafe Market,2025-01-06 10:00:00,2025-01-06 11:00:00,Resolved
132,306,Cliff Area,2025-01-06 11:00:00,2025-01-06 12:00:00,Resolved
133,226,Cliff Area,2025-01-06 12:00:00,2025-01-06 13:00:00,Triggered
134,697,Cliff Area,2025-01-06 13:00:00,2025-01-06 14:00:00,Triggered
135,951,Construction Site,2025-01-06 14:00:00,2025-01-06 15:00:00,Resolved
136,744,Unsafe Market,2025-01-06 15:00:00,2025-01-06 16:00:00,Triggered
137,368,Border Zone,2025-01-06 16:00:00,2025-01-06 17:00:00,Resolved
138,37,Border Zone,2025-01-06 17:00:00,2025-01-06 18:00:00,Resolved
139,990,Border Zone,2025-01-06 18:00:00,2025-01-06 19:00:00,Resolved
140,802,Cliff Area,2025-01-06 19:00:00,2025-01-06 20:00:00,Triggered
141,728,Cliff Area,2025-01-06 20:00:00,2025-01-06 21:00:00,Resolved
142,345,Unsafe Market,2025-01-06 21:00:00,2025-01-06 22:00:00,Resolved
143,30,Cliff Area,2025-01-06 22:00:00,2025-01-06 23:00:00,Resolved
144,949,Cliff Area,2025-01-06 23:00:00,2025-01-07 00:00:00,Resolved
145,668,Border Zone,2025-01-07 00:00:00,2025-01-07 01:00:00,Triggered
146,471,Construction Site,2025-01-07 01:00:00,2025-01-07 02:00:00,Triggered
147,163,Cliff Area,2025-01-07 02:00:00,2025-01-07 03:00:00,Triggered
148,475,Border Zone,2025-01-07 03:00:00,2025-01-07 04:00:00,Triggered
149,342,Cliff Area,2025-01-07 04:00:00,2025-01-07 05:00:00,Resolved
150,225,Border Zone,2025-01-07 05:00:00,2025-01-07 06:00:00,Triggered
151,713,Border Zone,2025-01-07 06:00:00,2025-01-07 07:00:00,Triggered
152,912,Unsafe Market,2025-01-07 07:00:00,2025-01-07 08:00:00,Triggered
153,497,Cliff Area,2025-01-07 08:00:00,2025-01-07 09:00:00,Resolved
154,550,Construction Site,2025-01-07 09:00:00,2025-01-07 10:00:00,Triggered
155,180,Construction Site,2025-01-07 10:00:00,2025-01-07 11:00:00,Triggered
156,744,Cliff Area,2025-01-07 11:00:00,2025-01-07 12:00:00,Triggered
157,281,Unsafe Market,2025-01-07 12:00:00,2025-01-07 13:00:00,Resolved
158,232,Border Zone,2025-01-07 13:00:00,2025-01-07 14:00:00,Resolved
159,161,Construction Site,2025-01-07 14:00:00,2025-01-07 15:00:00,Triggered
160,987,Border Zone,2025-01-07 15:00:00,2025-01-07 16:00:00,Triggered
161,923,Unsafe Market,2025-01-07 16:00:00,2025-01-07 17:00:00,Resolved
162,890,Border Zone,2025-01-07 17:00:00,2025-01-07 18:00:00,Triggered
163,988,Cliff Area,2025-01-07 18:00:00,2025-01-07 19:00:00,Triggered
164,256,Cliff Area,2025-01-07 19:00:00,2025-01-07 20:00:00,Resolved
165,336,Construction Site,2025-01-07 20:00:00,2025-01-07 21:00:00,Resolved
166,160,Unsafe Market,2025-01-07 21:00:00,2025-01-07 22:00:00,Resolved
167,834,Border Zone,2025-01-07 22:00:00,2025-01-07 23:00:00,Triggered
168,916,Cliff Area,2025-01-07 23:00:00,2025-01-08 00:00:00,Resolved
169,502,Cliff Area,2025-01-08 00:00:00,2025-01-08 01:00:00,Resolved
170,688,Border Zone,2025-01-08 01:00:00,2025-01-08 02:00:00,Resolved
171,212,Border Zone,2025-01-08 02:00:00,2025-01-08 03:00:00,Resolved
172,707,Construction Site,2025-01-08 03:00:00,2025-01-08 04:00:00,Resolved
173,710,Cliff Area,2025-01-08 04:00:00,2025-01-08 05:00:00,Resolved
174,454,Construction Site,2025-01-08 05:00:00,2025-01-08 06:00:00,Triggered
175,256,Cliff Area,2025-01-08 06:00:00,2025-01-08 07:00:00,Triggered
176,354,Construction Site,2025-01-08 07:00:00,2025-01-08 08:00:00,Triggered
177,796,Border Zone,2025-01-08 08:00:00,2025-01-08 09:00:00,Resolved
178,719,Unsafe Market,2025-01-08 09:00:00,2025-01-08 10:00:00,Resolved
179,763,Construction Site,2025-01-08 10:00:00,2025-01-08 11:00:00,Triggered
180,661,Unsafe Market,2025-01-08 11:00:00,2025-01-08 12:00:00,Triggered
181,692,Construction Site,2025-01-08 12:00:00,2025-01-08 13:00:00,Resolved
182,202,Construction Site,2025-01-08 13:00:00,2025-01-08 14:00:00,Resolved
183,40,Border Zone,2025-01-08 14:00:00,2025-01-08 15:00:00,Resolved
184,727,Border Zone,2025-01-08 15:00:00,2025-01-08 16:00:00,Resolved
185,920,Cliff Area,2025-01-08 16:00:00,2025-01-08 17:00:00,Triggered
186,344,Border Zone,2025-01-08 17:00:00,2025-01-08 18:00:00,Triggered
187,303,Construction Site,2025-01-08 18:00:00,2025-01-08 19:00:00,Resolved
188,49,Cliff Area,2025-01-08 19:00:00,2025-01-08 20:00:00,Resolved
189,213,Construction Site,2025-01-08 20:00:00,2025-01-08 21:00:00,Resolved
190,575,Border Zone,2025-01-08 21:00:00,2025-01-08 22:00:00,Triggered
191,969,Cliff Area,2025-01-08 22:00:00,2025-01-08 23:00:00,Triggered
192,410,Unsafe Market,2025-01-08 23:00:00,2025-01-09 00:00:00,Triggered
193,353,Border Zone,2025-01-09 00:00:00,2025-01-09 01:00:00,Resolved
194,2,Construction Site,2025-01-09 01:00:00,2025-01-09 02:00:00,Triggered
195,460,Unsafe Market,2025-01-09 02:00:00,2025-01-09 03:00:00,Resolved
196,194,Unsafe Market,2025-01-09 03:00:00,2025-01-09 04:00:00,Resolved
197,68,Cliff Area,2025-01-09 04:00:00,2025-01-09 05:00:00,Triggered
198,407,Unsafe Market,2025-01-09 05:00:00,2025-01-09 06:00:00,Resolved
199,760,Border Zone,2025-01-09 06:00:00,2025-01-09 07:00:00,Triggered
200,872,Cliff Area,2025-01-09 07:00:00,2025-01-09 08:00:00,Resolved
201,454,Unsafe Market,2025-01-09 08:00:00,2025-01-09 09:00:00,Resolved
202,835,Unsafe Market,2025-01-09 09:00:00,2025-01-09 10:00:00,Resolved
203,23,Construction Site,2025-01-09 10:00:00,2025-01-09 11:00:00,Triggered
204,109,Cliff Area,2025-01-09 11:00:00,2025-01-09 12:00:00,Triggered
205,40,Border Zone,2025-01-09 12:00:00,2025-01-09 13:00:00,Triggered
206,62,Unsafe Market,2025-01-09 13:00:00,2025-01-09 14:00:00,Resolved
207,172,Unsafe Market,2025-01-09 14:00:00,2025-01-09 15:00:00,Triggered
208,712,Unsafe Market,2025-01-09 15:00:00,2025-01-09 16:00:00,Triggered
209,570,Construction Site,2025-01-09 16:00:00,2025-01-09 17:00:00,Triggered
210,637,Construction Site,2025-01-09 17:00:00,2025-01-09 18:00:00,Resolved
211,735,Cliff Area,2025-01-09 18:00:00,2025-01-09 19:00:00,Triggered
212,383,Unsafe Market,2025-01-09 19:00:00,2025-01-09 20:00:00,Resolved
213,656,Border Zone,2025-01-09 20:00:00,2025-01-09 21:00:00,Resolved
214,249,Border Zone,2025-01-09 21:00:00,2025-01-09 22:00:00,Triggered
215,4,Unsafe Market,2025-01-09 22:00:00,2025-01-09 23:00:00,Triggered
216,895,Construction Site,2025-01-09 23:00:00,2025-01-10 00:00:00,Resolved
217,36,Construction Site,2025-01-10 00:00:00,2025-01-10 01:00:00,Resolved
218,911,Border Zone,2025-01-10 01:00:00,2025-01-10 02:00:00,Resolved
219,473,Cliff Area,2025-01-10 02:00:00,2025-01-10 03:00:00,Triggered
220,921,Unsafe Market,2025-01-10 03:00:00,2025-01-10 04:00:00,Resolved
221,697,Construction Site,2025-01-10 04:00:00,2025-01-10 05:00:00,Triggered
222,554,Cliff Area,2025-01-10 05:00:00,2025-01-10 06:00:00,Resolved
223,479,Border Zone,2025-01-10 06:00:00,2025-01-10 07:00:00,Triggered
224,334,Construction Site,2025-01-10 07:00:00,2025-01-10 08:00:00,Resolved
225,252,Cliff Area,2025-01-10 08:00:00,2025-01-10 09:00:00,Triggered
226,831,Unsafe Market,2025-01-10 09:00:00,2025-01-10 10:00:00,Resolved
227,748,Border Zone,2025-01-10 10:00:00,2025-01-10 11:00:00,Resolved
228,342,Cliff Area,2025-01-10 11:00:00,2025-01-10 12:00:00,Resolved
229,251,Construction Site,2025-01-10 12:00:00,2025-01-10 13:00:00,Triggered
230,770,Border Zone,2025-01-10 13:00:00,2025-01-10 14:00:00,Triggered
231,518,Construction Site,2025-01-10 14:00:00,2025-01-10 15:00:00,Resolved
232,619,Unsafe Market,2025-01-10 15:00:00,2025-01-10 16:00:00,Triggered
233,121,Cliff Area,2025-01-10 16:00:00,2025-01-10 17:00:00,Resolved
234,75,Cliff Area,2025-01-10 17:00:00,2025-01-10 18:00:00,Triggered
235,403,Construction Site,2025-01-10 18:00:00,2025-01-10 19:00:00,Resolved
236,768,Cliff Area,2025-01-10 19:00:00,2025-01-10 20:00:00,Resolved
237,433,Unsafe Market,2025-01-10 20:00:00,2025-01-10 21:00:00,Triggered
238,681,Unsafe Market,2025-01-10 21:00:00,2025-01-10 22:00:00,Resolved
239,952,Unsafe Market,2025-01-10 22:00:00,2025-01-10 23:00:00,Resolved
240,288,Unsafe Market,2025-01-10 23:00:00,2025-01-11 00:00:00,Triggered
241,674,Border Zone,2025-01-11 00:00:00,2025-01-11 01:00:00,Triggered
242,200,Construction Site,2025-01-11 01:00:00,2025-01-11 02:00:00,Triggered
243,263,Cliff Area,2025-01-11 02:00:00,2025-01-11 03:00:00,Resolved
244,96,Cliff Area,2025-01-11 03:00:00,2025-01-11 04:00:00,Triggered
245,167,Unsafe Market,2025-01-11 04:00:00,2025-01-11 05:00:00,Resolved
246,458,Construction Site,2025-01-11 05:00:00,2025-01-11 06:00:00,Resolved
247,814,Unsafe Market,2025-01-11 06:00:00,2025-01-11 07:00:00,Resolved
248,532,Unsafe Market,2025-01-11 07:00:00,2025-01-11 08:00:00,Triggered
249,989,Cliff Area,2025-01-11 08:00:00,2025-01-11 09:00:00,Resolved
250,211,Cliff Area,2025-01-11 09:00:00,2025-01-11 10:00:00,Resolved
251,70,Construction Site,2025-01-11 10:00:00,2025-01-11 11:00:00,Resolved
252,406,Border Zone,2025-01-11 11:00:00,2025-01-11 12:00:00,Resolved
253,16,Cliff Area,2025-01-11 12:00:00,2025-01-11 13:00:00,Resolved
254,549,Border Zone,2025-01-11 13:00:00,2025-01-11 14:00:00,Triggered
255,362,Cliff Area,2025-01-11 14:00:00,2025-01-11 15:00:00,Resolved
256,292,Unsafe Market,2025-01-11 15:00:00,2025-01-11 16:00:00,Resolved
257,291,Cliff Area,2025-01-11 16:00:00,2025-01-11 17:00:00,Triggered
258,195,Cliff Area,2025-01-11 17:00:00,2025-01-11 18:00:00,Triggered
259,890,Construction Site,2025-01-11 18:00:00,2025-01-11 19:00:00,Resolved
260,203,Border Zone,2025-01-11 19:00:00,2025-01-11 20:00:00,Triggered
261,724,Border Zone,2025-01-11 20:00:00,2025-01-11 21:00:00,Triggered
262,833,Cliff Area,2025-01-11 21:00:00,2025-01-11 22:00:00,Resolved
263,5,Construction Site,2025-01-11 22:00:00,2025-01-11 23:00:00,Resolved
264,236,Cliff Area,2025-01-11 23:00:00,2025-01-12 00:00:00,Triggered
265,176,Cliff Area,2025-01-12 00:00:00,2025-01-12 01:00:00,Resolved
266,509,Unsafe Market,2025-01-12 01:00:00,2025-01-12 02:00:00,Resolved
267,630,Cliff Area,2025-01-12 02:00:00,2025-01-12 03:00:00,Resolved
268,377,Construction Site,2025-01-12 03:00:00,2025-01-12 04:00:00,Triggered
269,724,Cliff Area,2025-01-12 04:00:00,2025-01-12 05:00:00,Triggered
270,86,Construction Site,2025-01-12 05:00:00,2025-01-12 06:00:00,Triggered
271,161,Cliff Area,2025-01-12 06:00:00,2025-01-12 07:00:00,Triggered
272,385,Border Zone,2025-01-12 07:00:00,2025-01-12 08:00:00,Resolved
273,554,Unsafe Market,2025-01-12 08:00:00,2025-01-12 09:00:00,Triggered
274,252,Unsafe Market,2025-01-12 09:00:00,2025-01-12 10:00:00,Triggered
275,449,Unsafe Market,2025-01-12 10:00:00,2025-01-12 11:00:00,Triggered
276,559,Cliff Area,2025-01-12 11:00:00,2025-01-12 12:00:00,Resolved
277,428,Construction Site,2025-01-12 12:00:00,2025-01-12 13:00:00,Resolved
278,10,Construction Site,2025-01-12 13:00:00,2025-01-12 14:00:00,Resolved
279,358,Unsafe Market,2025-01-12 14:00:00,2025-01-12 15:00:00,Triggered
280,33,Construction Site,2025-01-12 15:00:00,2025-01-12 16:00:00,Resolved
281,192,Construction Site,2025-01-12 16:00:00,2025-01-12 17:00:00,Resolved
282,30,Construction Site,2025-01-12 17:00:00,2025-01-12 18:00:00,Resolved
283,998,Border Zone,2025-01-12 18:00:00,2025-01-12 19:00:00,Triggered
284,580,Unsafe Market,2025-01-12 19:00:00,2025-01-12 20:00:00,Triggered
285,822,Cliff Area,2025-01-12 20:00:00,2025-01-12 21:00:00,Resolved
286,189,Border Zone,2025-01-12 21:00:00,2025-01-12 22:00:00,Triggered
287,71,Construction Site,2025-01-12 22:00:00,2025-01-12 23:00:00,Resolved
288,143,Cliff Area,2025-01-12 23:00:00,2025-01-13 00:00:00,Triggered
289,451,Construction Site,2025-01-13 00:00:00,2025-01-13 01:00:00,Triggered
290,805,Cliff Area,2025-01-13 01:00:00,2025-01-13 02:00:00,Resolved
291,97,Construction Site,2025-01-13 02:00:00,2025-01-13 03:00:00,Resolved
292,825,Border Zone,2025-01-13 03:00:00,2025-01-13 04:00:00,Resolved
293,745,Border Zone,2025-01-13 04:00:00,2025-01-13 05:00:00,Resolved
294,199,Construction Site,2025-01-13 05:00:00,2025-01-13 06:00:00,Triggered
295,184,Border Zone,2025-01-13 06:00:00,2025-01-13 07:00:00,Triggered
296,735,Construction Site,2025-01-13 07:00:00,2025-01-13 08:00:00,Triggered
297,401,Unsafe Market,2025-01-13 08:00:00,2025-01-13 09:00:00,Triggered
298,2,Border Zone,2025-01-13 09:00:00,2025-01-13 10:00:00,Triggered
299,178,Cliff Area,2025-01-13 10:00:00,2025-01-13 11:00:00,Resolved
300,446,Border Zone,2025-01-13 11:00:00,2025-01-13 12:00:00,Resolved
301,918,Unsafe Market,2025-01-13 12:00:00,2025-01-13 13:00:00,Triggered
302,807,Cliff Area,2025-01-13 13:00:00,2025-01-13 14:00:00,Resolved
303,885,Unsafe Market,2025-01-13 14:00:00,2025-01-13 15:00:00,Triggered
304,190,Construction Site,2025-01-13 15:00:00,2025-01-13 16:00:00,Resolved
305,783,Border Zone,2025-01-13 16:00:00,2025-01-13 17:00:00,Triggered
306,287,Construction Site,2025-01-13 17:00:00,2025-01-13 18:00:00,Resolved
307,741,Construction Site,2025-01-13 18:00:00,2025-01-13 19:00:00,Triggered
308,26,Unsafe Market,2025-01-13 19:00:00,2025-01-13 20:00:00,Resolved
309,879,Border Zone,2025-01-13 20:00:00,2025-01-13 21:00:00,Resolved
310,473,Cliff Area,2025-01-13 21:00:00,2025-01-13 22:00:00,Triggered
311,150,Construction Site,2025-01-13 22:00:00,2025-01-13 23:00:00,Resolved
312,157,Unsafe Market,2025-01-13 23:00:00,2025-01-14 00:00:00,Resolved
313,493,Unsafe Market,2025-01-14 00:00:00,2025-01-14 01:00:00,Resolved
314,882,Construction Site,2025-01-14 01:00:00,2025-01-14 02:00:00,Triggered
315,162,Construction Site,2025-01-14 02:00:00,2025-01-14 03:00:00,Triggered
316,922,Border Zone,2025-01-14 03:00:00,2025-01-14 04:00:00,Triggered
317,459,Unsafe Market,2025-01-14 04:00:00,2025-01-14 05:00:00,Triggered
318,375,Border Zone,2025-01-14 05:00:00,2025-01-14 06:00:00,Resolved
319,666,Border Zone,2025-01-14 06:00:00,2025-01-14 07:00:00,Triggered
320,417,Construction Site,2025-01-14 07:00:00,2025-01-14 08:00:00,Triggered
321,656,Border Zone,2025-01-14 08:00:00,2025-01-14 09:00:00,Resolved
322,23,Cliff Area,2025-01-14 09:00:00,2025-01-14 10:00:00,Resolved
323,948,Cliff Area,2025-01-14 10:00:00,2025-01-14 11:00:00,Resolved
324,44,Cliff Area,2025-01-14 11:00:00,2025-01-14 12:00:00,Resolved
325,892,Unsafe Market,2025-01-14 12:00:00,2025-01-14 13:00:00,Resolved
326,684,Construction Site,2025-01-14 13:00:00,2025-01-14 14:00:00,Resolved
327,298,Unsafe Market,2025-01-14 14:00:00,2025-01-14 15:00:00,Triggered
328,186,Cliff Area,2025-01-14 15:00:00,2025-01-14 16:00:00,Triggered
329,200,Unsafe Market,2025-01-14 16:00:00,2025-01-14 17:00:00,Triggered
330,132,Border Zone,2025-01-14 17:00:00,2025-01-14 18:00:00,Triggered
331,784,Cliff Area,2025-01-14 18:00:00,2025-01-14 19:00:00,Resolved
332,343,Unsafe Market,2025-01-14 19:00:00,2025-01-14 20:00:00,Triggered
333,65,Construction Site,2025-01-14 20:00:00,2025-01-14 21:00:00,Triggered
334,404,Cliff Area,2025-01-14 21:00:00,2025-01-14 22:00:00,Resolved
335,133,Construction Site,2025-01-14 22:00:00,2025-01-14 23:00:00,Resolved
336,62,Unsafe Market,2025-01-14 23:00:00,2025-01-15 00:00:00,Triggered
337,637,Cliff Area,2025-01-15 00:00:00,2025-01-15 01:00:00,Resolved
338,390,Unsafe Market,2025-01-15 01:00:00,2025-01-15 02:00:00,Triggered
339,136,Construction Site,2025-01-15 02:00:00,2025-01-15 03:00:00,Resolved
340,403,Cliff Area,2025-01-15 03:00:00,2025-01-15 04:00:00,Resolved
341,683,Unsafe Market,2025-01-15 04:00:00,2025-01-15 05:00:00,Triggered
342,725,Unsafe Market,2025-01-15 05:00:00,2025-01-15 06:00:00,Triggered
343,585,Unsafe Market,2025-01-15 06:00:00,2025-01-15 07:00:00,Resolved
344,931,Cliff Area,2025-01-15 07:00:00,2025-01-15 08:00:00,Resolved
345,875,Cliff Area,2025-01-15 08:00:00,2025-01-15 09:00:00,Triggered
346,119,Construction Site,2025-01-15 09:00:00,2025-01-15 10:00:00,Resolved
347,255,Construction Site,2025-01-15 10:00:00,2025-01-15 11:00:00,Triggered
348,992,Cliff Area,2025-01-15 11:00:00,2025-01-15 12:00:00,Resolved
349,519,Unsafe Market,2025-01-15 12:00:00,2025-01-15 13:00:00,Resolved
350,112,Construction Site,2025-01-15 13:00:00,2025-01-15 14:00:00,Triggered
351,107,Border Zone,2025-01-15 14:00:00,2025-01-15 15:00:00,Triggered
352,38,Construction Site,2025-01-15 15:00:00,2025-01-15 16:00:00,Triggered
353,51,Cliff Area,2025-01-15 16:00:00,2025-01-15 17:00:00,Resolved
354,572,Unsafe Market,2025-01-15 17:00:00,2025-01-15 18:00:00,Triggered
355,657,Border Zone,2025-01-15 18:00:00,2025-01-15 19:00:00,Resolved
356,134,Cliff Area,2025-01-15 19:00:00,2025-01-15 20:00:00,Resolved
357,760,Cliff Area,2025-01-15 20:00:00,2025-01-15 21:00:00,Resolved
358,788,Cliff Area,2025-01-15 21:00:00,2025-01-15 22:00:00,Triggered
359,564,Unsafe Market,2025-01-15 22:00:00,2025-01-15 23:00:00,Triggered
360,155,Construction Site,2025-01-15 23:00:00,2025-01-16 00:00:00,Resolved
361,474,Cliff Area,2025-01-16 00:00:00,2025-01-16 01:00:00,Triggered
362,177,Border Zone,2025-01-16 01:00:00,2025-01-16 02:00:00,Triggered
363,811,Border Zone,2025-01-16 02:00:00,2025-01-16 03:00:00,Triggered
364,353,Construction Site,2025-01-16 03:00:00,2025-01-16 04:00:00,Triggered
365,333,Unsafe Market,2025-01-16 04:00:00,2025-01-16 05:00:00,Resolved
366,202,Border Zone,2025-01-16 05:00:00,2025-01-16 06:00:00,Triggered
367,751,Border Zone,2025-01-16 06:00:00,2025-01-16 07:00:00,Resolved
368,673,Construction Site,2025-01-16 07:00:00,2025-01-16 08:00:00,Triggered
369,12,Cliff Area,2025-01-16 08:00:00,2025-01-16 09:00:00,Triggered
370,799,Unsafe Market,2025-01-16 09:00:00,2025-01-16 10:00:00,Triggered
371,948,Cliff Area,2025-01-16 10:00:00,2025-01-16 11:00:00,Resolved
372,467,Construction Site,2025-01-16 11:00:00,2025-01-16 12:00:00,Resolved
373,981,Border Zone,2025-01-16 12:00:00,2025-01-16 13:00:00,Triggered
374,769,Unsafe Market,2025-01-16 13:00:00,2025-01-16 14:00:00,Triggered
375,152,Construction Site,2025-01-16 14:00:00,2025-01-16 15:00:00,Triggered
376,843,Border Zone,2025-01-16 15:00:00,2025-01-16 16:00:00,Triggered
377,683,Unsafe Market,2025-01-16 16:00:00,2025-01-16 17:00:00,Triggered
378,632,Unsafe Market,2025-01-16 17:00:00,2025-01-16 18:00:00,Resolved
379,850,Construction Site,2025-01-16 18:00:00,2025-01-16 19:00:00,Triggered
380,917,Cliff Area,2025-01-16 19:00:00,2025-01-16 20:00:00,Resolved
381,155,Cliff Area,2025-01-16 20:00:00,2025-01-16 21:00:00,Resolved
382,670,Cliff Area,2025-01-16 21:00:00,2025-01-16 22:00:00,Resolved
383,692,Border Zone,2025-01-16 22:00:00,2025-01-16 23:00:00,Triggered
384,81,Unsafe Market,2025-01-16 23:00:00,2025-01-17 00:00:00,Resolved
385,431,Unsafe Market,2025-01-17 00:00:00,2025-01-17 01:00:00,Resolved
386,958,Cliff Area,2025-01-17 01:00:00,2025-01-17 02:00:00,Triggered
387,517,Unsafe Market,2025-01-17 02:00:00,2025-01-17 03:00:00,Triggered
388,443,Cliff Area,2025-01-17 03:00:00,2025-01-17 04:00:00,Resolved
389,367,Border Zone,2025-01-17 04:00:00,2025-01-17 05:00:00,Triggered
390,184,Cliff Area,2025-01-17 05:00:00,2025-01-17 06:00:00,Triggered
391,60,Border Zone,2025-01-17 06:00:00,2025-01-17 07:00:00,Triggered
392,55,Construction Site,2025-01-17 07:00:00,2025-01-17 08:00:00,Resolved
393,937,Unsafe Market,2025-01-17 08:00:00,2025-01-17 09:00:00,Triggered
394,915,Unsafe Market,2025-01-17 09:00:00,2025-01-17 10:00:00,Resolved
395,769,Construction Site,2025-01-17 10:00:00,2025-01-17 11:00:00,Triggered
396,25,Construction Site,2025-01-17 11:00:00,2025-01-17 12:00:00,Resolved
397,991,Construction Site,2025-01-17 12:00:00,2025-01-17 13:00:00,Triggered
398,100,Border Zone,2025-01-17 13:00:00,2025-01-17 14:00:00,Resolved
399,242,Cliff Area,2025-01-17 14:00:00,2025-01-17 15:00:00,Triggered
400,266,Cliff Area,2025-01-17 15:00:00,2025-01-17 16:00:00,Resolved
401,310,Border Zone,2025-01-17 16:00:00,2025-01-17 17:00:00,Triggered
402,992,Unsafe Market,2025-01-17 17:00:00,2025-01-17 18:00:00,Resolved
403,129,Cliff Area,2025-01-17 18:00:00,2025-01-17 19:00:00,Resolved
404,661,Cliff Area,2025-01-17 19:00:00,2025-01-17 20:00:00,Resolved
405,394,Construction Site,2025-01-17 20:00:00,2025-01-17 21:00:00,Triggered
406,136,Cliff Area,2025-01-17 21:00:00,2025-01-17 22:00:00,Triggered
407,305,Cliff Area,2025-01-17 22:00:00,2025-01-17 23:00:00,Triggered
408,919,Border Zone,2025-01-17 23:00:00,2025-01-18 00:00:00,Triggered
409,876,Cliff Area,2025-01-18 00:00:00,2025-01-18 01:00:00,Resolved
410,994,Border Zone,2025-01-18 01:00:00,2025-01-18 02:00:00,Resolved
411,181,Unsafe Market,2025-01-18 02:00:00,2025-01-18 03:00:00,Resolved
412,799,Unsafe Market,2025-01-18 03:00:00,2025-01-18 04:00:00,Triggered
413,54,Construction Site,2025-01-18 04:00:00,2025-01-18 05:00:00,Resolved
414,983,Border Zone,2025-01-18 05:00:00,2025-01-18 06:00:00,Triggered
415,776,Construction Site,2025-01-18 06:00:00,2025-01-18 07:00:00,Triggered
416,400,Construction Site,2025-01-18 07:00:00,2025-01-18 08:00:00,Triggered
417,873,Border Zone,2025-01-18 08:00:00,2025-01-18 09:00:00,Triggered
418,917,Construction Site,2025-01-18 09:00:00,2025-01-18 10:00:00,Resolved
419,544,Construction Site,2025-01-18 10:00:00,2025-01-18 11:00:00,Resolved
420,501,Construction Site,2025-01-18 11:00:00,2025-01-18 12:00:00,Triggered
421,772,Construction Site,2025-01-18 12:00:00,2025-01-18 13:00:00,Resolved
422,901,Border Zone,2025-01-18 13:00:00,2025-01-18 14:00:00,Triggered
423,669,Construction Site,2025-01-18 14:00:00,2025-01-18 15:00:00,Resolved
424,695,Border Zone,2025-01-18 15:00:00,2025-01-18 16:00:00,Triggered
425,286,Construction Site,2025-01-18 16:00:00,2025-01-18 17:00:00,Resolved
426,384,Construction Site,2025-01-18 17:00:00,2025-01-18 18:00:00,Triggered
427,209,Border Zone,2025-01-18 18:00:00,2025-01-18 19:00:00,Resolved
428,688,Cliff Area,2025-01-18 19:00:00,2025-01-18 20:00:00,Resolved
429,814,Border Zone,2025-01-18 20:00:00,2025-01-18 21:00:00,Triggered
430,166,Border Zone,2025-01-18 21:00:00,2025-01-18 22:00:00,Triggered
431,912,Cliff Area,2025-01-18 22:00:00,2025-01-18 23:00:00,Triggered
432,646,Unsafe Market,2025-01-18 23:00:00,2025-01-19 00:00:00,Resolved
433,999,Cliff Area,2025-01-19 00:00:00,2025-01-19 01:00:00,Triggered
434,250,Border Zone,2025-01-19 01:00:00,2025-01-19 02:00:00,Resolved
435,906,Unsafe Market,2025-01-19 02:00:00,2025-01-19 03:00:00,Resolved
436,14,Unsafe Market,2025-01-19 03:00:00,2025-01-19 04:00:00,Resolved
437,265,Unsafe Market,2025-01-19 04:00:00,2025-01-19 05:00:00,Triggered
438,24,Border Zone,2025-01-19 05:00:00,2025-01-19 06:00:00,Resolved
439,690,Unsafe Market,2025-01-19 06:00:00,2025-01-19 07:00:00,Triggered
440,905,Construction Site,2025-01-19 07:00:00,2025-01-19 08:00:00,Resolved
441,843,Border Zone,2025-01-19 08:00:00,2025-01-19 09:00:00,Resolved
442,941,Unsafe Market,2025-01-19 09:00:00,2025-01-19 10:00:00,Triggered
443,315,Border Zone,2025-01-19 10:00:00,2025-01-19 11:00:00,Triggered
444,480,Unsafe Market,2025-01-19 11:00:00,2025-01-19 12:00:00,Resolved
445,922,Cliff Area,2025-01-19 12:00:00,2025-01-19 13:00:00,Resolved
446,905,Border Zone,2025-01-19 13:00:00,2025-01-19 14:00:00,Resolved
447,456,Border Zone,2025-01-19 14:00:00,2025-01-19 15:00:00,Triggered
448,277,Border Zone,2025-01-19 15:00:00,2025-01-19 16:00:00,Triggered
449,400,Cliff Area,2025-01-19 16:00:00,2025-01-19 17:00:00,Triggered
450,75,Cliff Area,2025-01-19 17:00:00,2025-01-19 18:00:00,Resolved
451,862,Construction Site,2025-01-19 18:00:00,2025-01-19 19:00:00,Resolved
452,105,Construction Site,2025-01-19 19:00:00,2025-01-19 20:00:00,Resolved
453,50,Construction Site,2025-01-19 20:00:00,2025-01-19 21:00:00,Resolved
454,805,Unsafe Market,2025-01-19 21:00:00,2025-01-19 22:00:00,Triggered
455,726,Cliff Area,2025-01-19 22:00:00,2025-01-19 23:00:00,Triggered
456,504,Construction Site,2025-01-19 23:00:00,2025-01-20 00:00:00,Resolved
457,377,Border Zone,2025-01-20 00:00:00,2025-01-20 01:00:00,Resolved
458,854,Border Zone,2025-01-20 01:00:00,2025-01-20 02:00:00,Resolved
459,859,Border Zone,2025-01-20 02:00:00,2025-01-20 03:00:00,Resolved
460,622,Cliff Area,2025-01-20 03:00:00,2025-01-20 04:00:00,Resolved
461,189,Cliff Area,2025-01-20 04:00:00,2025-01-20 05:00:00,Resolved
462,907,Border Zone,2025-01-20 05:00:00,2025-01-20 06:00:00,Resolved
463,251,Cliff Area,2025-01-20 06:00:00,2025-01-20 07:00:00,Resolved
464,505,Cliff Area,2025-01-20 07:00:00,2025-01-20 08:00:00,Resolved
465,789,Unsafe Market,2025-01-20 08:00:00,2025-01-20 09:00:00,Resolved
466,399,Cliff Area,2025-01-20 09:00:00,2025-01-20 10:00:00,Resolved
467,830,Cliff Area,2025-01-20 10:00:00,2025-01-20 11:00:00,Resolved
468,739,Construction Site,2025-01-20 11:00:00,2025-01-20 12:00:00,Triggered
469,712,Border Zone,2025-01-20 12:00:00,2025-01-20 13:00:00,Resolved
470,443,Construction Site,2025-01-20 13:00:00,2025-01-20 14:00:00,Triggered
471,680,Border Zone,2025-01-20 14:00:00,2025-01-20 15:00:00,Triggered
472,761,Border Zone,2025-01-20 15:00:00,2025-01-20 16:00:00,Resolved
473,984,Cliff Area,2025-01-20 16:00:00,2025-01-20 17:00:00,Resolved
474,651,Unsafe Market,2025-01-20 17:00:00,2025-01-20 18:00:00,Resolved
475,410,Cliff Area,2025-01-20 18:00:00,2025-01-20 19:00:00,Triggered
476,440,Border Zone,2025-01-20 19:00:00,2025-01-20 20:00:00,Resolved
477,375,Border Zone,2025-01-20 20:00:00,2025-01-20 21:00:00,Triggered
478,569,Cliff Area,2025-01-20 21:00:00,2025-01-20 22:00:00,Resolved
479,51,Cliff Area,2025-01-20 22:00:00,2025-01-20 23:00:00,Resolved
480,563,Unsafe Market,2025-01-20 23:00:00,2025-01-21 00:00:00,Triggered
481,442,Cliff Area,2025-01-21 00:00:00,2025-01-21 01:00:00,Triggered
482,888,Cliff Area,2025-01-21 01:00:00,2025-01-21 02:00:00,Triggered
483,997,Border Zone,2025-01-21 02:00:00,2025-01-21 03:00:00,Resolved
484,840,Unsafe Market,2025-01-21 03:00:00,2025-01-21 04:00:00,Triggered
485,477,Construction Site,2025-01-21 04:00:00,2025-01-21 05:00:00,Triggered
486,740,Unsafe Market,2025-01-21 05:00:00,2025-01-21 06:00:00,Resolved
487,676,Border Zone,2025-01-21 06:00:00,2025-01-21 07:00:00,Resolved
488,325,Unsafe Market,2025-01-21 07:00:00,2025-01-21 08:00:00,Resolved
489,127,Border Zone,2025-01-21 08:00:00,2025-01-21 09:00:00,Triggered
490,347,Unsafe Market,2025-01-21 09:00:00,2025-01-21 10:00:00,Triggered
491,126,Cliff Area,2025-01-21 10:00:00,2025-01-21 11:00:00,Resolved
492,58,Construction Site,2025-01-21 11:00:00,2025-01-21 12:00:00,Triggered
493,150,Cliff Area,2025-01-21 12:00:00,2025-01-21 13:00:00,Triggered
494,20,Cliff Area,2025-01-21 13:00:00,2025-01-21 14:00:00,Resolved
495,782,Unsafe Market,2025-01-21 14:00:00,2025-01-21 15:00:00,Triggered
496,188,Border Zone,2025-01-21 15:00:00,2025-01-21 16:00:00,Triggered
497,41,Border Zone,2025-01-21 16:00:00,2025-01-21 17:00:00,Resolved
498,686,Cliff Area,2025-01-21 17:00:00,2025-01-21 18:00:00,Triggered
499,805,Border Zone,2025-01-21 18:00:00,2025-01-21 19:00:00,Triggered
500,311,Cliff Area,2025-01-21 19:00:00,2025-01-21 20:00:00,Triggered
501,979,Construction Site,2025-01-21 20:00:00,2025-01-21 21:00:00,Triggered
502,57,Unsafe Market,2025-01-21 21:00:00,2025-01-21 22:00:00,Triggered
503,151,Unsafe Market,2025-01-21 22:00:00,2025-01-21 23:00:00,Resolved
504,562,Unsafe Market,2025-01-21 23:00:00,2025-01-22 00:00:00,Resolved
505,733,Unsafe Market,2025-01-22 00:00:00,2025-01-22 01:00:00,Triggered
506,586,Construction Site,2025-01-22 01:00:00,2025-01-22 02:00:00,Triggered
507,53,Border Zone,2025-01-22 02:00:00,2025-01-22 03:00:00,Resolved
508,142,Construction Site,2025-01-22 03:00:00,2025-01-22 04:00:00,Resolved
509,13,Cliff Area,2025-01-22 04:00:00,2025-01-22 05:00:00,Resolved
510,350,Construction Site,2025-01-22 05:00:00,2025-01-22 06:00:00,Resolved
511,892,Construction Site,2025-01-22 06:00:00,2025-01-22 07:00:00,Triggered
512,392,Border Zone,2025-01-22 07:00:00,2025-01-22 08:00:00,Resolved
513,557,Unsafe Market,2025-01-22 08:00:00,2025-01-22 09:00:00,Resolved
514,33,Cliff Area,2025-01-22 09:00:00,2025-01-22 10:00:00,Resolved
515,498,Border Zone,2025-01-22 10:00:00,2025-01-22 11:00:00,Resolved
516,68,Cliff Area,2025-01-22 11:00:00,2025-01-22 12:00:00,Resolved
517,879,Unsafe Market,2025-01-22 12:00:00,2025-01-22 13:00:00,Resolved
518,569,Unsafe Market,2025-01-22 13:00:00,2025-01-22 14:00:00,Resolved
519,968,Unsafe Market,2025-01-22 14:00:00,2025-01-22 15:00:00,Triggered
520,888,Unsafe Market,2025-01-22 15:00:00,2025-01-22 16:00:00,Resolved
521,56,Construction Site,2025-01-22 16:00:00,2025-01-22 17:00:00,Resolved
522,160,Construction Site,2025-01-22 17:00:00,2025-01-22 18:00:00,Triggered
523,916,Cliff Area,2025-01-22 18:00:00,2025-01-22 19:00:00,Resolved
524,48,Unsafe Market,2025-01-22 19:00:00,2025-01-22 20:00:00,Triggered
525,581,Unsafe Market,2025-01-22 20:00:00,2025-01-22 21:00:00,Triggered
526,616,Cliff Area,2025-01-22 21:00:00,2025-01-22 22:00:00,Triggered
527,776,Cliff Area,2025-01-22 22:00:00,2025-01-22 23:00:00,Triggered
528,459,Construction Site,2025-01-22 23:00:00,2025-01-23 00:00:00,Resolved
529,106,Unsafe Market,2025-01-23 00:00:00,2025-01-23 01:00:00,Resolved
530,459,Border Zone,2025-01-23 01:00:00,2025-01-23 02:00:00,Resolved
531,251,Construction Site,2025-01-23 02:00:00,2025-01-23 03:00:00,Resolved
532,684,Cliff Area,2025-01-23 03:00:00,2025-01-23 04:00:00,Resolved
533,741,Cliff Area,2025-01-23 04:00:00,2025-01-23 05:00:00,Triggered
534,743,Construction Site,2025-01-23 05:00:00,2025-01-23 06:00:00,Triggered
535,715,Unsafe Market,2025-01-23 06:00:00,2025-01-23 07:00:00,Resolved
536,62,Construction Site,2025-01-23 07:00:00,2025-01-23 08:00:00,Resolved
537,81,Unsafe Market,2025-01-23 08:00:00,2025-01-23 09:00:00,Triggered
538,491,Cliff Area,2025-01-23 09:00:00,2025-01-23 10:00:00,Resolved
539,538,Cliff Area,2025-01-23 10:00:00,2025-01-23 11:00:00,Triggered
540,744,Construction Site,2025-01-23 11:00:00,2025-01-23 12:00:00,Resolved
541,179,Border Zone,2025-01-23 12:00:00,2025-01-23 13:00:00,Triggered
542,9,Border Zone,2025-01-23 13:00:00,2025-01-23 14:00:00,Triggered
543,19,Cliff Area,2025-01-23 14:00:00,2025-01-23 15:00:00,Resolved
544,409,Construction Site,2025-01-23 15:00:00,2025-01-23 16:00:00,Triggered
545,212,Border Zone,2025-01-23 16:00:00,2025-01-23 17:00:00,Triggered
546,68,Border Zone,2025-01-23 17:00:00,2025-01-23 18:00:00,Resolved
547,13,Border Zone,2025-01-23 18:00:00,2025-01-23 19:00:00,Triggered
548,831,Border Zone,2025-01-23 19:00:00,2025-01-23 20:00:00,Resolved
549,902,Unsafe Market,2025-01-23 20:00:00,2025-01-23 21:00:00,Resolved
550,588,Unsafe Market,2025-01-23 21:00:00,2025-01-23 22:00:00,Triggered
551,946,Unsafe Market,2025-01-23 22:00:00,2025-01-23 23:00:00,Triggered
552,216,Cliff Area,2025-01-23 23:00:00,2025-01-24 00:00:00,Resolved
553,938,Cliff Area,2025-01-24 00:00:00,2025-01-24 01:00:00,Triggered
554,629,Construction Site,2025-01-24 01:00:00,2025-01-24 02:00:00,Triggered
555,727,Border Zone,2025-01-24 02:00:00,2025-01-24 03:00:00,Resolved
556,700,Construction Site,2025-01-24 03:00:00,2025-01-24 04:00:00,Triggered
557,327,Border Zone,2025-01-24 04:00:00,2025-01-24 05:00:00,Resolved
558,372,Unsafe Market,2025-01-24 05:00:00,2025-01-24 06:00:00,Triggered
559,840,Border Zone,2025-01-24 06:00:00,2025-01-24 07:00:00,Triggered
560,342,Cliff Area,2025-01-24 07:00:00,2025-01-24 08:00:00,Triggered
561,234,Construction Site,2025-01-24 08:00:00,2025-01-24 09:00:00,Resolved
562,357,Construction Site,2025-01-24 09:00:00,2025-01-24 10:00:00,Triggered
563,838,Border Zone,2025-01-24 10:00:00,2025-01-24 11:00:00,Resolved
564,805,Border Zone,2025-01-24 11:00:00,2025-01-24 12:00:00,Triggered
565,810,Cliff Area,2025-01-24 12:00:00,2025-01-24 13:00:00,Triggered
566,786,Construction Site,2025-01-24 13:00:00,2025-01-24 14:00:00,Resolved
567,798,Border Zone,2025-01-24 14:00:00,2025-01-24 15:00:00,Triggered
568,11,Construction Site,2025-01-24 15:00:00,2025-01-24 16:00:00,Resolved
569,659,Unsafe Market,2025-01-24 16:00:00,2025-01-24 17:00:00,Resolved
570,311,Border Zone,2025-01-24 17:00:00,2025-01-24 18:00:00,Resolved
571,141,Construction Site,2025-01-24 18:00:00,2025-01-24 19:00:00,Resolved
572,681,Cliff Area,2025-01-24 19:00:00,2025-01-24 20:00:00,Triggered
573,719,Border Zone,2025-01-24 20:00:00,2025-01-24 21:00:00,Triggered
574,603,Cliff Area,2025-01-24 21:00:00,2025-01-24 22:00:00,Resolved
575,608,Unsafe Market,2025-01-24 22:00:00,2025-01-24 23:00:00,Resolved
576,92,Unsafe Market,2025-01-24 23:00:00,2025-01-25 00:00:00,Triggered
577,978,Border Zone,2025-01-25 00:00:00,2025-01-25 01:00:00,Resolved
578,186,Unsafe Market,2025-01-25 01:00:00,2025-01-25 02:00:00,Triggered
579,417,Construction Site,2025-01-25 02:00:00,2025-01-25 03:00:00,Resolved
580,931,Construction Site,2025-01-25 03:00:00,2025-01-25 04:00:00,Triggered
581,687,Unsafe Market,2025-01-25 04:00:00,2025-01-25 05:00:00,Resolved
582,358,Unsafe Market,2025-01-25 05:00:00,2025-01-25 06:00:00,Resolved
583,672,Unsafe Market,2025-01-25 06:00:00,2025-01-25 07:00:00,Triggered
584,424,Cliff Area,2025-01-25 07:00:00,2025-01-25 08:00:00,Resolved
585,835,Cliff Area,2025-01-25 08:00:00,2025-01-25 09:00:00,Triggered
586,638,Unsafe Market,2025-01-25 09:00:00,2025-01-25 10:00:00,Resolved
587,438,Unsafe Market,2025-01-25 10:00:00,2025-01-25 11:00:00,Resolved
588,499,Construction Site,2025-01-25 11:00:00,2025-01-25 12:00:00,Triggered
589,620,Construction Site,2025-01-25 12:00:00,2025-01-25 13:00:00,Resolved
590,977,Border Zone,2025-01-25 13:00:00,2025-01-25 14:00:00,Triggered
591,942,Construction Site,2025-01-25 14:00:00,2025-01-25 15:00:00,Triggered
592,424,Unsafe Market,2025-01-25 15:00:00,2025-01-25 16:00:00,Resolved
593,861,Construction Site,2025-01-25 16:00:00,2025-01-25 17:00:00,Resolved
594,392,Border Zone,2025-01-25 17:00:00,2025-01-25 18:00:00,Triggered
595,757,Cliff Area,2025-01-25 18:00:00,2025-01-25 19:00:00,Triggered
596,991,Border Zone,2025-01-25 19:00:00,2025-01-25 20:00:00,Resolved
597,292,Construction Site,2025-01-25 20:00:00,2025-01-25 21:00:00,Resolved
598,995,Unsafe Market,2025-01-25 21:00:00,2025-01-25 22:00:00,Triggered
599,49,Cliff Area,2025-01-25 22:00:00,2025-01-25 23:00:00,Resolved
600,213,Construction Site,2025-01-25 23:00:00,2025-01-26 00:00:00,Resolved
601,283,Border Zone,2025-01-26 00:00:00,2025-01-26 01:00:00,Triggered
602,437,Unsafe Market,2025-01-26 01:00:00,2025-01-26 02:00:00,Resolved
603,895,Border Zone,2025-01-26 02:00:00,2025-01-26 03:00:00,Resolved
604,320,Border Zone,2025-01-26 03:00:00,2025-01-26 04:00:00,Resolved
605,474,Construction Site,2025-01-26 04:00:00,2025-01-26 05:00:00,Resolved
606,110,Construction Site,2025-01-26 05:00:00,2025-01-26 06:00:00,Triggered
607,179,Construction Site,2025-01-26 06:00:00,2025-01-26 07:00:00,Triggered
608,193,Unsafe Market,2025-01-26 07:00:00,2025-01-26 08:00:00,Triggered
609,824,Construction Site,2025-01-26 08:00:00,2025-01-26 09:00:00,Resolved
610,806,Unsafe Market,2025-01-26 09:00:00,2025-01-26 10:00:00,Triggered
611,859,Cliff Area,2025-01-26 10:00:00,2025-01-26 11:00:00,Triggered
612,988,Border Zone,2025-01-26 11:00:00,2025-01-26 12:00:00,Triggered
613,699,Construction Site,2025-01-26 12:00:00,2025-01-26 13:00:00,Triggered
614,915,Unsafe Market,2025-01-26 13:00:00,2025-01-26 14:00:00,Triggered
615,329,Cliff Area,2025-01-26 14:00:00,2025-01-26 15:00:00,Resolved
616,221,Cliff Area,2025-01-26 15:00:00,2025-01-26 16:00:00,Triggered
617,22,Border Zone,2025-01-26 16:00:00,2025-01-26 17:00:00,Resolved
618,943,Cliff Area,2025-01-26 17:00:00,2025-01-26 18:00:00,Resolved
619,755,Border Zone,2025-01-26 18:00:00,2025-01-26 19:00:00,Triggered
620,64,Unsafe Market,2025-01-26 19:00:00,2025-01-26 20:00:00,Triggered
621,943,Construction Site,2025-01-26 20:00:00,2025-01-26 21:00:00,Resolved
622,269,Construction Site,2025-01-26 21:00:00,2025-01-26 22:00:00,Triggered
623,246,Cliff Area,2025-01-26 22:00:00,2025-01-26 23:00:00,Resolved
624,610,Border Zone,2025-01-26 23:00:00,2025-01-27 00:00:00,Resolved
625,793,Cliff Area,2025-01-27 00:00:00,2025-01-27 01:00:00,Triggered
626,895,Unsafe Market,2025-01-27 01:00:00,2025-01-27 02:00:00,Triggered
627,545,Cliff Area,2025-01-27 02:00:00,2025-01-27 03:00:00,Triggered
628,110,Border Zone,2025-01-27 03:00:00,2025-01-27 04:00:00,Resolved
629,260,Construction Site,2025-01-27 04:00:00,2025-01-27 05:00:00,Triggered
630,823,Cliff Area,2025-01-27 05:00:00,2025-01-27 06:00:00,Resolved
631,31,Unsafe Market,2025-01-27 06:00:00,2025-01-27 07:00:00,Resolved
632,840,Construction Site,2025-01-27 07:00:00,2025-01-27 08:00:00,Triggered
633,77,Unsafe Market,2025-01-27 08:00:00,2025-01-27 09:00:00,Resolved
634,995,Construction Site,2025-01-27 09:00:00,2025-01-27 10:00:00,Resolved
635,474,Unsafe Market,2025-01-27 10:00:00,2025-01-27 11:00:00,Triggered
636,727,Unsafe Market,2025-01-27 11:00:00,2025-01-27 12:00:00,Triggered
637,654,Unsafe Market,2025-01-27 12:00:00,2025-01-27 13:00:00,Triggered
638,648,Unsafe Market,2025-01-27 13:00:00,2025-01-27 14:00:00,Resolved
639,590,Border Zone,2025-01-27 14:00:00,2025-01-27 15:00:00,Resolved
640,576,Border Zone,2025-01-27 15:00:00,2025-01-27 16:00:00,Resolved
641,373,Unsafe Market,2025-01-27 16:00:00,2025-01-27 17:00:00,Resolved
642,266,Unsafe Market,2025-01-27 17:00:00,2025-01-27 18:00:00,Resolved
643,920,Construction Site,2025-01-27 18:00:00,2025-01-27 19:00:00,Resolved
644,258,Border Zone,2025-01-27 19:00:00,2025-01-27 20:00:00,Triggered
645,431,Cliff Area,2025-01-27 20:00:00,2025-01-27 21:00:00,Triggered
646,614,Construction Site,2025-01-27 21:00:00,2025-01-27 22:00:00,Triggered
647,23,Border Zone,2025-01-27 22:00:00,2025-01-27 23:00:00,Resolved
648,945,Unsafe Market,2025-01-27 23:00:00,2025-01-28 00:00:00,Triggered
649,534,Border Zone,2025-01-28 00:00:00,2025-01-28 01:00:00,Resolved
650,277,Unsafe Market,2025-01-28 01:00:00,2025-01-28 02:00:00,Triggered
651,792,Border Zone,2025-01-28 02:00:00,2025-01-28 03:00:00,Resolved
652,429,Unsafe Market,2025-01-28 03:00:00,2025-01-28 04:00:00,Triggered
653,242,Border Zone,2025-01-28 04:00:00,2025-01-28 05:00:00,Triggered
654,985,Cliff Area,2025-01-28 05:00:00,2025-01-28 06:00:00,Resolved
655,20,Cliff Area,2025-01-28 06:00:00,2025-01-28 07:00:00,Triggered
656,626,Construction Site,2025-01-28 07:00:00,2025-01-28 08:00:00,Resolved
657,287,Unsafe Market,2025-01-28 08:00:00,2025-01-28 09:00:00,Resolved
658,255,Unsafe Market,2025-01-28 09:00:00,2025-01-28 10:00:00,Resolved
659,174,Unsafe Market,2025-01-28 10:00:00,2025-01-28 11:00:00,Triggered
660,881,Cliff Area,2025-01-28 11:00:00,2025-01-28 12:00:00,Triggered
661,63,Construction Site,2025-01-28 12:00:00,2025-01-28 13:00:00,Resolved
662,528,Cliff Area,2025-01-28 13:00:00,2025-01-28 14:00:00,Resolved
663,570,Border Zone,2025-01-28 14:00:00,2025-01-28 15:00:00,Triggered
664,459,Border Zone,2025-01-28 15:00:00,2025-01-28 16:00:00,Triggered
665,486,Unsafe Market,2025-01-28 16:00:00,2025-01-28 17:00:00,Triggered
666,185,Construction Site,2025-01-28 17:00:00,2025-01-28 18:00:00,Triggered
667,270,Unsafe Market,2025-01-28 18:00:00,2025-01-28 19:00:00,Triggered
668,427,Border Zone,2025-01-28 19:00:00,2025-01-28 20:00:00,Triggered
669,711,Cliff Area,2025-01-28 20:00:00,2025-01-28 21:00:00,Triggered
670,943,Construction Site,2025-01-28 21:00:00,2025-01-28 22:00:00,Triggered
671,631,Border Zone,2025-01-28 22:00:00,2025-01-28 23:00:00,Triggered
672,857,Border Zone,2025-01-28 23:00:00,2025-01-29 00:00:00,Resolved
673,111,Cliff Area,2025-01-29 00:00:00,2025-01-29 01:00:00,Resolved
674,929,Construction Site,2025-01-29 01:00:00,2025-01-29 02:00:00,Triggered
675,911,Cliff Area,2025-01-29 02:00:00,2025-01-29 03:00:00,Triggered
676,393,Cliff Area,2025-01-29 03:00:00,2025-01-29 04:00:00,Triggered
677,720,Border Zone,2025-01-29 04:00:00,2025-01-29 05:00:00,Resolved
678,973,Construction Site,2025-01-29 05:00:00,2025-01-29 06:00:00,Triggered
679,737,Cliff Area,2025-01-29 06:00:00,2025-01-29 07:00:00,Triggered
680,492,Construction Site,2025-01-29 07:00:00,2025-01-29 08:00:00,Triggered
681,953,Border Zone,2025-01-29 08:00:00,2025-01-29 09:00:00,Resolved
682,222,Unsafe Market,2025-01-29 09:00:00,2025-01-29 10:00:00,Triggered
683,72,Unsafe Market,2025-01-29 10:00:00,2025-01-29 11:00:00,Triggered
684,847,Construction Site,2025-01-29 11:00:00,2025-01-29 12:00:00,Resolved
685,707,Construction Site,2025-01-29 12:00:00,2025-01-29 13:00:00,Triggered
686,358,Construction Site,2025-01-29 13:00:00,2025-01-29 14:00:00,Triggered
687,216,Border Zone,2025-01-29 14:00:00,2025-01-29 15:00:00,Resolved
688,154,Cliff Area,2025-01-29 15:00:00,2025-01-29 16:00:00,Triggered
689,690,Construction Site,2025-01-29 16:00:00,2025-01-29 17:00:00,Triggered
690,819,Border Zone,2025-01-29 17:00:00,2025-01-29 18:00:00,Resolved
691,794,Border Zone,2025-01-29 18:00:00,2025-01-29 19:00:00,Resolved
692,507,Construction Site,2025-01-29 19:00:00,2025-01-29 20:00:00,Triggered
693,987,Cliff Area,2025-01-29 20:00:00,2025-01-29 21:00:00,Resolved
694,165,Border Zone,2025-01-29 21:00:00,2025-01-29 22:00:00,Triggered
695,605,Border Zone,2025-01-29 22:00:00,2025-01-29 23:00:00,Triggered
696,372,Unsafe Market,2025-01-29 23:00:00,2025-01-30 00:00:00,Triggered
697,444,Unsafe Market,2025-01-30 00:00:00,2025-01-30 01:00:00,Resolved
698,596,Construction Site,2025-01-30 01:00:00,2025-01-30 02:00:00,Resolved
699,657,Cliff Area,2025-01-30 02:00:00,2025-01-30 03:00:00,Resolved
700,16,Border Zone,2025-01-30 03:00:00,2025-01-30 04:00:00,Resolved
