Tourist_ID,Timestamp,Heart_Rate,Body_Temp_C,Steps,SOS_Button
T0162,2025-09-07 02:27:37,100,37.8,6120,0
T0162,2025-09-02 17:48:57,67,36.4,12556,1
T0162,2025-09-04 19:02:46,111,36.8,6779,1
T0162,2025-09-07 18:40:56,65,38.6,1104,0
T0162,2025-09-05 15:52:34,108,38.5,11475,0
T0162,2025-09-01 12:14:47,93,37.9,10304,0
T0162,2025-09-02 23:36:44,61,38.2,13047,0
T0162,2025-09-02 12:10:10,104,38.7,12692,0
T0162,2025-09-02 19:36:37,85,36.4,4885,0
T0162,2025-09-04 01:48:05,101,38.2,11787,0
T0162,2025-09-07 03:27:06,83,38.5,2426,1
T0162,2025-09-05 19:01:31,114,36.6,3328,0
T0162,2025-09-06 14:27:31,80,36.4,8177,0
T0162,2025-09-06 07:03:17,84,36.0,1273,1
T0162,2025-09-04 19:09:52,104,38.7,14871,1
T0162,2025-09-03 10:14:55,107,39.0,14105,0
T0162,2025-09-01 17:39:48,69,36.9,9529,1
T0162,2025-09-04 05:08:15,101,36.5,10271,0
T0162,2025-09-07 16:55:49,112,37.7,4710,0
T0162,2025-09-07 18:30:59,113,38.8,14862,1
T0195,2025-09-06 14:51:51,82,38.5,2270,0
T0195,2025-09-01 03:24:49,85,38.4,9405,0
T0195,2025-09-07 03:14:44,72,37.9,3630,0
T0195,2025-09-06 06:57:37,60,36.7,9389,0
T0195,2025-09-01 10:01:55,108,37.3,13961,1
T0195,2025-09-01 04:29:22,89,37.4,1014,1
T0195,2025-09-07 18:50:02,72,38.1,5218,0
T0195,2025-09-02 17:11:06,119,38.5,13211,0
T0195,2025-09-02 18:53:20,61,36.0,9420,1
T0195,2025-09-02 07:06:45,97,38.6,3304,0
T0195,2025-09-01 02:03:09,96,38.9,4388,0
T0195,2025-09-07 22:05:16,112,37.8,9359,1
T0195,2025-09-04 19:00:00,65,38.8,13413,0
T0195,2025-09-07 10:22:55,64,37.8,12275,0
T0195,2025-09-03 02:15:15,86,37.2,2680,0
T0195,2025-09-07 07:35:12,70,37.0,4123,0
T0195,2025-09-04 13:54:05,62,37.1,2237,0
T0195,2025-09-02 02:50:04,107,36.4,14629,1
T0195,2025-09-03 13:18:18,73,37.3,7684,0
T0195,2025-09-04 19:10:26,90,37.8,4212,0
T0169,2025-09-04 08:09:33,102,37.3,8299,1
T0169,2025-09-01 19:00:31,78,36.4,7287,0
T0169,2025-09-06 05:00:31,61,37.2,4564,0
T0169,2025-09-04 16:18:23,72,37.8,3191,0
T0169,2025-09-06 19:26:03,99,37.6,8712,0
T0169,2025-09-07 07:13:52,70,38.9,13043,0
T0169,2025-09-02 06:55:48,105,37.4,3133,0
T0169,2025-09-03 15:51:56,113,38.1,7006,0
T0169,2025-09-02 08:46:38,104,38.7,1533,0
T0169,2025-09-03 20:57:15,101,39.0,2527,0
T0169,2025-09-06 21:54:16,114,37.8,14025,0
T0169,2025-09-02 04:49:34,66,36.4,8895,0
T0169,2025-09-07 02:28:59,99,38.8,8896,0
T0169,2025-09-04 12:55:46,88,36.2,14006,0
T0169,2025-09-05 23:08:06,81,37.6,11938,0
T0169,2025-09-04 01:35:43,69,38.3,2385,0
T0169,2025-09-03 05:05:31,112,37.8,1546,1
T0169,2025-09-01 12:19:27,91,38.6,9149,0
T0169,2025-09-02 12:09:14,63,36.0,14047,0
T0169,2025-09-07 02:51:45,116,38.0,2113,1
T0099,2025-09-06 14:55:11,116,38.0,11802,0
T0099,2025-09-01 22:38:43,76,36.6,9432,0
T0099,2025-09-05 03:11:12,79,36.3,2065,0
T0099,2025-09-05 01:51:56,79,36.1,10794,0
T0099,2025-09-01 18:24:18,93,37.1,13822,1
T0099,2025-09-04 20:17:25,96,36.3,7163,1
T0099,2025-09-01 06:06:57,104,37.8,3066,1
T0099,2025-09-06 17:05:32,113,37.1,1433,0
T0099,2025-09-04 19:02:33,100,38.7,12827,1
T0099,2025-09-04 23:08:05,114,38.6,7940,1
T0099,2025-09-04 22:39:04,75,37.4,9086,0
T0099,2025-09-03 21:02:25,66,38.4,2325,0
T0099,2025-09-03 07:57:36,89,36.6,13737,0
T0099,2025-09-01 10:50:27,84,36.1,12349,1
T0099,2025-09-04 03:07:59,111,37.1,5621,1
T0099,2025-09-02 07:03:41,66,36.8,13317,1
T0099,2025-09-07 15:56:19,95,38.7,7904,1
T0099,2025-09-05 09:55:45,75,38.0,6728,0
T0099,2025-09-01 10:39:38,107,38.2,4474,0
T0099,2025-09-02 03:25:43,101,36.6,1575,0
T0141,2025-09-02 03:06:09,87,37.5,3122,0
T0141,2025-09-03 20:53:32,120,37.1,4946,0
T0141,2025-09-05 15:57:05,74,38.1,1018,0
T0141,2025-09-05 10:27:16,117,36.9,5174,1
T0141,2025-09-07 07:35:33,76,37.8,11845,0
T0141,2025-09-05 23:08:40,103,37.9,13560,1
T0141,2025-09-02 04:10:20,85,36.3,9012,0
T0141,2025-09-02 20:32:38,84,37.0,9297,1
T0141,2025-09-05 03:01:22,102,38.8,4386,0
T0141,2025-09-01 13:34:07,90,37.3,9348,0
T0141,2025-09-02 02:42:26,77,36.3,14840,0
T0141,2025-09-07 11:06:15,93,36.8,1099,0
T0141,2025-09-05 11:09:53,93,38.6,7820,0
T0141,2025-09-05 05:11:30,75,36.7,13007,0
T0141,2025-09-06 03:37:41,84,36.7,14921,1
T0141,2025-09-03 08:37:10,74,37.2,5413,0
T0141,2025-09-04 09:53:20,75,38.8,3168,1
T0141,2025-09-05 15:29:57,99,37.1,10759,1
T0141,2025-09-07 13:11:11,75,37.1,6418,0
T0141,2025-09-07 17:03:36,70,37.8,11255,0
T0188,2025-09-05 02:37:26,114,38.0,11606,0
T0188,2025-09-01 12:02:40,88,38.3,8995,0
T0188,2025-09-01 05:00:47,93,38.3,9489,0
T0188,2025-09-04 08:25:41,100,38.1,9342,0
T0188,2025-09-07 07:34:22,75,36.1,9256,1
T0188,2025-09-02 17:14:53,118,37.8,8300,1
T0188,2025-09-03 23:04:29,111,37.2,1270,1
T0188,2025-09-02 18:50:21,62,37.4,9802,0
T0188,2025-09-02 11:44:45,106,36.9,9684,0
T0188,2025-09-01 02:41:02,90,36.4,14263,0
T0188,2025-09-07 03:04:31,80,37.8,14287,0
T0188,2025-09-05 12:21:50,61,36.5,3741,0
T0188,2025-09-07 10:24:45,61,36.1,11823,0
T0188,2025-09-06 00:39:51,118,37.1,1643,0
T0188,2025-09-06 05:56:43,63,38.2,4721,0
T0188,2025-09-02 07:48:20,110,37.5,8486,0
T0188,2025-09-05 10:28:32,105,37.9,11059,0
T0188,2025-09-05 09:09:02,82,38.2,9001,0
T0188,2025-09-03 12:24:14,101,37.4,6227,0
T0188,2025-09-01 04:09:10,66,36.5,3925,0
T0026,2025-09-06 03:17:31,102,36.1,14118,0
T0026,2025-09-04 12:53:09,62,37.9,11843,0
T0026,2025-09-07 07:22:23,64,36.6,6761,1
T0026,2025-09-02 11:50:58,75,37.2,2759,1
T0026,2025-09-04 13:15:26,71,37.9,13210,0
T0026,2025-09-04 17:49:39,73,38.6,14153,0
T0026,2025-09-01 05:34:25,99,37.9,4388,1
T0026,2025-09-07 09:12:34,71,37.5,13852,0
T0026,2025-09-02 22:02:41,61,38.7,3842,0
T0026,2025-09-04 12:08:15,107,36.1,14489,0
T0026,2025-09-07 16:15:31,68,37.3,10049,1
T0026,2025-09-07 06:21:42,117,38.7,10258,0
T0026,2025-09-06 08:50:56,105,36.9,3291,1
T0026,2025-09-05 14:50:46,104,36.1,3447,0
T0026,2025-09-07 08:43:26,75,37.5,1231,0
T0026,2025-09-02 21:32:39,95,38.4,8366,0
T0026,2025-09-03 05:00:45,94,38.6,5048,0
T0026,2025-09-06 20:28:30,84,37.7,2338,0
T0026,2025-09-04 09:29:19,68,36.8,4683,0
T0026,2025-09-05 17:26:35,101,36.7,13128,0
T0114,2025-09-06 04:29:23,96,38.0,3765,1
T0114,2025-09-04 20:38:05,89,38.9,1875,0
T0114,2025-09-06 17:39:45,68,37.9,2579,0
T0114,2025-09-03 10:25:43,87,36.3,3765,1
T0114,2025-09-03 02:11:28,94,38.6,2670,0
T0114,2025-09-03 04:26:44,107,38.9,14380,1
T0114,2025-09-03 07:40:28,67,38.3,9551,0
T0114,2025-09-06 07:38:33,65,37.0,2908,1
T0114,2025-09-06 13:11:31,108,38.0,5528,0
T0114,2025-09-07 01:51:52,91,38.9,8620,0
T0114,2025-09-07 21:46:10,90,38.4,8396,0
T0114,2025-09-07 04:54:45,68,37.2,5892,0
T0114,2025-09-01 13:37:41,101,38.7,14062,0
T0114,2025-09-07 12:55:42,117,38.8,3709,0
T0114,2025-09-07 09:18:27,111,37.0,13967,1
T0114,2025-09-04 00:12:13,119,37.2,14281,0
T0114,2025-09-05 12:06:05,62,37.1,4252,0
T0114,2025-09-04 01:00:08,105,38.6,10141,0
T0114,2025-09-04 07:15:52,77,36.6,13851,1
T0114,2025-09-06 18:51:01,109,36.5,11972,0
T0069,2025-09-01 02:58:37,102,36.5,11210,1
T0069,2025-09-07 15:08:32,120,36.0,3846,0
T0069,2025-09-05 19:13:37,67,38.6,10616,0
T0069,2025-09-03 11:55:09,114,37.6,3464,0
T0069,2025-09-07 00:45:16,115,37.9,1566,0
T0069,2025-09-01 18:53:30,77,38.4,13302,1
T0069,2025-09-02 23:36:04,80,38.4,9186,0
T0069,2025-09-06 02:08:56,100,38.2,6713,0
T0069,2025-09-07 16:55:21,104,37.3,1441,0
T0069,2025-09-05 17:58:22,93,37.2,2935,0
T0069,2025-09-07 13:23:40,62,36.0,8417,1
T0069,2025-09-05 09:59:41,86,37.0,10921,0
T0069,2025-09-04 16:00:00,68,36.0,12439,0
T0069,2025-09-02 09:43:59,78,38.8,12618,0
T0069,2025-09-06 07:20:23,84,38.9,3974,1
T0069,2025-09-01 11:22:23,84,36.3,14364,0
T0069,2025-09-03 13:39:57,120,37.5,10574,0
T0069,2025-09-07 14:22:59,78,37.2,2882,0
T0069,2025-09-02 12:21:40,97,37.2,12981,0
T0069,2025-09-01 11:26:07,75,36.4,7453,0
T0067,2025-09-04 20:53:04,114,36.8,13130,0
T0067,2025-09-07 02:16:12,72,37.1,6062,0
T0067,2025-09-03 19:09:12,115,36.4,11783,0
T0067,2025-09-07 07:31:12,85,36.8,4297,0
T0067,2025-09-01 16:26:17,111,37.4,12811,0
T0067,2025-09-02 18:42:17,114,36.4,7646,0
T0067,2025-09-01 08:24:36,87,38.8,6795,0
T0067,2025-09-02 13:49:00,80,38.9,5739,0
T0067,2025-09-04 03:41:38,115,37.9,3988,1
T0067,2025-09-01 12:56:17,103,38.5,7803,0
T0067,2025-09-04 10:07:54,70,36.5,1964,1
T0067,2025-09-01 04:18:09,103,38.7,14166,0
T0067,2025-09-01 13:59:47,67,36.6,6637,1
T0067,2025-09-02 23:57:48,112,38.1,5598,0
T0067,2025-09-07 12:37:27,98,36.5,5379,0
T0067,2025-09-06 15:56:10,63,37.9,9949,0
T0067,2025-09-01 10:05:29,112,36.1,5461,0
T0067,2025-09-07 09:10:01,77,36.6,2661,0
T0067,2025-09-01 12:39:26,87,37.7,13456,1
T0067,2025-09-07 02:54:39,82,38.9,6363,0
T0029,2025-09-02 12:30:54,102,38.6,14608,1
T0029,2025-09-01 08:45:46,73,36.7,11815,0
T0029,2025-09-07 11:54:59,107,38.1,1871,0
T0029,2025-09-06 00:41:28,95,38.6,7294,0
T0029,2025-09-07 20:37:43,65,38.4,2006,0
T0029,2025-09-01 22:44:14,81,37.8,8163,1
T0029,2025-09-05 07:05:57,85,38.3,3435,1
T0029,2025-09-05 18:53:07,81,37.7,13032,0
T0029,2025-09-04 16:37:09,86,36.2,7343,0
T0029,2025-09-05 08:49:55,87,36.7,6245,0
T0029,2025-09-07 16:06:44,70,37.4,10424,1
T0029,2025-09-02 04:48:12,101,38.8,7109,1
T0029,2025-09-07 14:10:38,76,36.2,13287,1
T0029,2025-09-03 02:15:34,107,38.5,3111,0
T0029,2025-09-04 15:10:49,110,37.8,1655,0
T0029,2025-09-05 06:53:33,84,38.4,3624,0
T0029,2025-09-02 20:52:04,98,36.4,6923,0
T0029,2025-09-06 12:25:44,91,37.1,6108,0
T0029,2025-09-05 02:22:38,87,38.4,7745,0
T0029,2025-09-04 23:31:31,99,37.9,3120,0
T0047,2025-09-02 05:29:13,66,36.3,5425,0
T0047,2025-09-03 11:11:12,83,37.6,6518,0
T0047,2025-09-05 17:19:34,117,36.6,12345,0
T0047,2025-09-06 23:47:52,82,37.0,3593,0
T0047,2025-09-02 09:18:42,109,37.0,9377,1
T0047,2025-09-02 17:25:15,68,36.1,7933,0
T0047,2025-09-05 16:52:38,88,36.1,3000,0
T0047,2025-09-06 13:37:42,78,37.0,7004,1
T0047,2025-09-05 01:08:24,95,36.6,10774,1
T0047,2025-09-04 06:22:54,111,38.5,9182,0
T0047,2025-09-02 10:36:36,88,37.9,8650,1
T0047,2025-09-03 14:59:04,70,38.6,5316,0
T0047,2025-09-03 04:00:43,105,39.0,13487,1
T0047,2025-09-05 08:21:13,95,37.7,14549,1
T0047,2025-09-06 01:18:57,112,39.0,12311,0
T0047,2025-09-06 22:59:29,65,36.5,13072,1
T0047,2025-09-04 17:08:01,95,36.5,4423,0
T0047,2025-09-01 01:11:55,78,37.3,3448,1
T0047,2025-09-06 15:17:33,96,36.3,8937,0
T0047,2025-09-01 00:45:49,66,37.4,6536,0
T0145,2025-09-03 03:53:27,70,38.4,9347,0
T0145,2025-09-04 05:03:33,114,38.5,12825,0
T0145,2025-09-02 18:54:04,80,38.9,6196,0
T0145,2025-09-07 19:36:49,103,37.7,2430,0
T0145,2025-09-06 21:53:29,67,37.4,13741,1
T0145,2025-09-06 23:04:11,109,37.1,4530,0
T0145,2025-09-01 03:18:53,98,37.8,10170,0
T0145,2025-09-03 12:57:21,107,36.6,7314,0
T0145,2025-09-06 15:24:27,87,37.1,7553,1
T0145,2025-09-05 15:15:24,108,36.2,11096,0
T0145,2025-09-06 01:25:06,90,37.6,1055,0
T0145,2025-09-01 15:06:17,111,37.1,14317,0
T0145,2025-09-06 15:40:22,93,38.0,10917,0
T0145,2025-09-04 12:09:53,78,37.4,13914,0
T0145,2025-09-02 00:21:32,117,36.6,9017,0
T0145,2025-09-04 21:33:12,89,36.8,1666,0
T0145,2025-09-02 07:52:26,64,37.3,1810,1
T0145,2025-09-02 14:08:36,101,37.1,3966,1
T0145,2025-09-02 10:53:47,71,38.9,7143,0
T0145,2025-09-05 10:18:14,86,39.0,7665,0
T0189,2025-09-07 15:16:32,66,36.4,14585,0
T0189,2025-09-06 09:07:52,96,38.4,6278,1
T0189,2025-09-05 19:58:53,62,38.3,6717,1
T0189,2025-09-04 09:43:48,90,36.4,1990,1
T0189,2025-09-05 01:43:04,111,38.3,14152,0
T0189,2025-09-01 12:42:06,67,38.6,9672,0
T0189,2025-09-04 16:05:42,87,37.7,2713,0
T0189,2025-09-01 17:05:42,97,37.3,9939,1
T0189,2025-09-02 02:01:55,81,38.1,1268,0
T0189,2025-09-03 15:05:25,83,38.3,3056,0
T0189,2025-09-01 21:02:03,72,37.4,10513,1
T0189,2025-09-03 02:41:46,96,36.9,12885,0
T0189,2025-09-07 03:31:06,112,37.0,13914,1
T0189,2025-09-01 08:06:45,103,37.4,6311,0
T0189,2025-09-07 06:50:31,100,37.4,14861,0
T0189,2025-09-02 19:04:50,82,36.6,5713,0
T0189,2025-09-04 16:48:55,60,37.4,9230,0
T0189,2025-09-07 02:15:50,109,37.3,10482,0
T0189,2025-09-07 04:29:14,102,36.1,12991,0
T0189,2025-09-05 12:36:25,97,37.7,3729,0
T0197,2025-09-01 18:02:16,103,38.9,6369,0
T0197,2025-09-07 04:39:03,86,38.4,4366,1
T0197,2025-09-02 21:15:13,63,36.3,12382,0
T0197,2025-09-02 10:26:41,106,36.1,8168,0
T0197,2025-09-05 23:45:12,119,37.2,5132,0
T0197,2025-09-01 20:32:58,92,38.3,11526,1
T0197,2025-09-02 18:49:26,72,38.1,14941,0
T0197,2025-09-06 11:32:45,97,37.1,8783,0
T0197,2025-09-05 06:57:31,115,37.1,10355,1
T0197,2025-09-05 13:28:31,68,37.3,13749,0
T0197,2025-09-01 23:32:32,105,36.5,5684,0
T0197,2025-09-06 08:42:26,70,37.9,6719,0
T0197,2025-09-04 14:26:01,118,38.0,8003,0
T0197,2025-09-03 23:34:58,105,38.5,5408,0
T0197,2025-09-05 07:40:35,60,36.7,1740,0
T0197,2025-09-06 03:08:59,96,37.5,9978,0
T0197,2025-09-04 22:21:26,118,36.9,5883,0
T0197,2025-09-01 08:16:59,74,38.3,9572,1
T0197,2025-09-05 08:11:24,118,37.4,6679,0
T0197,2025-09-02 10:48:35,120,36.9,4968,1
T0136,2025-09-04 16:29:17,62,37.8,7078,0
T0136,2025-09-07 13:24:34,60,36.9,6381,0
T0136,2025-09-01 14:25:41,86,38.8,5448,0
T0136,2025-09-06 02:51:15,102,37.1,10026,0
T0136,2025-09-05 02:59:44,83,38.6,12392,0
T0136,2025-09-05 15:05:47,65,36.9,8402,0
T0136,2025-09-05 10:26:24,66,38.5,10599,0
T0136,2025-09-01 10:38:51,88,36.6,10089,0
T0136,2025-09-01 08:17:07,90,38.8,1625,0
T0136,2025-09-07 11:38:40,107,39.0,8739,0
T0136,2025-09-07 19:06:43,80,38.5,4201,0
T0136,2025-09-01 05:03:19,98,37.4,14616,0
T0136,2025-09-07 09:17:50,108,37.2,9493,0
T0136,2025-09-06 08:45:48,78,36.3,7729,1
T0136,2025-09-04 20:05:35,78,37.3,1390,0
T0136,2025-09-07 06:54:24,90,38.2,5310,0
T0136,2025-09-07 12:41:10,61,36.2,8796,1
T0136,2025-09-06 23:04:11,108,38.1,2664,0
T0136,2025-09-05 19:21:16,100,36.9,7180,0
T0136,2025-09-02 09:19:48,101,38.1,8354,0
T0015,2025-09-07 06:17:53,108,37.2,1552,1
T0015,2025-09-06 22:05:04,120,36.1,3380,1
T0015,2025-09-04 14:31:41,113,37.7,7074,1
T0015,2025-09-05 09:30:20,106,39.0,2077,0
T0015,2025-09-01 03:57:15,94,36.2,11627,0
T0015,2025-09-01 01:12:07,78,38.2,14732,0
T0015,2025-09-04 02:24:39,79,38.7,14309,0
T0015,2025-09-06 20:58:50,89,38.7,12231,0
T0015,2025-09-01 15:46:46,100,36.2,3330,1
T0015,2025-09-02 07:47:38,88,36.9,14089,0
T0015,2025-09-02 15:55:36,100,38.3,11703,0
T0015,2025-09-07 20:07:30,67,38.5,6957,0
T0015,2025-09-07 17:03:34,114,36.2,9565,1
T0015,2025-09-05 22:09:01,90,37.4,10562,0
T0015,2025-09-04 14:01:37,110,37.1,5224,0
T0015,2025-09-06 22:20:08,65,36.4,14692,0
T0015,2025-09-04 10:23:20,107,37.4,5387,0
T0015,2025-09-02 03:38:27,80,36.0,3811,0
T0015,2025-09-03 00:30:19,99,37.9,10371,1
T0015,2025-09-06 17:44:05,109,37.1,4125,1
T0150,2025-09-04 20:55:26,107,36.6,9868,1
T0150,2025-09-04 15:17:32,101,37.6,5500,0
T0150,2025-09-04 18:40:37,83,38.4,6316,0
T0150,2025-09-04 13:28:23,92,37.4,12619,1
T0150,2025-09-03 16:11:49,109,37.1,4104,0
T0150,2025-09-04 02:52:04,68,36.5,5936,0
T0150,2025-09-03 13:38:12,82,36.7,6983,1
T0150,2025-09-03 14:58:23,71,38.3,3772,1
T0150,2025-09-07 05:10:59,62,38.5,5572,0
T0150,2025-09-05 12:13:43,90,38.9,13428,1
T0150,2025-09-07 03:54:57,78,37.6,11995,0
T0150,2025-09-05 23:40:08,71,36.0,5464,0
T0150,2025-09-02 15:04:33,81,38.2,13649,0
T0150,2025-09-01 08:59:48,117,38.9,4552,0
T0150,2025-09-05 17:39:42,114,36.9,12296,0
T0150,2025-09-06 08:04:40,89,36.2,5646,0
T0150,2025-09-04 19:34:02,71,36.4,14590,1
T0150,2025-09-06 11:23:08,73,37.6,8928,0
T0150,2025-09-01 21:20:23,76,38.5,6142,0
T0150,2025-09-06 09:22:26,64,36.6,5880,1
T0021,2025-09-06 03:33:52,119,36.9,2070,0
T0021,2025-09-02 13:04:04,92,37.5,2662,1
T0021,2025-09-05 04:10:56,61,37.6,2393,0
T0021,2025-09-05 03:07:42,74,38.4,4908,0
T0021,2025-09-03 07:38:33,77,37.2,8511,0
T0021,2025-09-01 06:45:15,79,38.8,12202,1
T0021,2025-09-04 23:56:45,79,36.8,1086,0
T0021,2025-09-03 06:10:32,111,36.9,13923,1
T0021,2025-09-01 04:30:24,107,38.6,10873,0
T0021,2025-09-05 21:41:39,108,38.3,12595,1
T0021,2025-09-02 01:33:26,89,37.8,10205,0
T0021,2025-09-02 14:49:35,107,39.0,7907,0
T0021,2025-09-07 13:36:35,100,36.6,8800,0
T0021,2025-09-06 18:27:49,92,39.0,8640,1
T0021,2025-09-03 19:06:10,74,37.2,3142,0
T0021,2025-09-03 08:08:22,111,38.3,8203,0
T0021,2025-09-01 02:31:43,112,36.9,11911,0
T0021,2025-09-07 13:56:42,112,38.2,5727,0
T0021,2025-09-07 12:25:38,70,38.7,9228,0
T0021,2025-09-07 19:30:54,61,38.9,1823,0
T0002,2025-09-01 06:44:28,104,36.9,5549,0
T0002,2025-09-04 23:40:33,105,37.5,13454,0
T0002,2025-09-01 02:42:42,77,36.5,4554,1
T0002,2025-09-02 07:35:31,63,38.3,13540,0
T0002,2025-09-04 09:51:41,80,36.7,1849,0
T0002,2025-09-02 14:48:27,97,38.1,2762,0
T0002,2025-09-07 04:30:12,90,37.9,11391,0
T0002,2025-09-06 23:13:47,76,37.3,11846,0
T0002,2025-09-04 01:34:55,93,36.9,11204,0
T0002,2025-09-02 21:06:53,62,37.1,7362,0
T0002,2025-09-04 20:09:16,70,36.8,7091,0
T0002,2025-09-06 09:33:29,73,36.9,11668,0
T0002,2025-09-06 16:46:34,116,36.2,4816,0
T0002,2025-09-02 04:38:22,116,37.3,1431,0
T0002,2025-09-05 23:00:13,72,36.5,4435,0
T0002,2025-09-04 15:38:48,70,36.4,8541,0
T0002,2025-09-05 09:08:03,110,37.6,6111,0
T0002,2025-09-04 00:43:32,95,38.7,1090,0
T0002,2025-09-05 18:46:43,94,36.5,1789,1
T0002,2025-09-02 02:29:25,66,37.0,8262,0
T0011,2025-09-06 22:06:49,120,38.8,8486,0
T0011,2025-09-01 11:14:41,117,38.5,2053,0
T0011,2025-09-03 06:25:12,86,37.0,3448,0
T0011,2025-09-07 00:24:45,68,36.0,2524,0
T0011,2025-09-01 20:46:05,79,38.9,4966,0
T0011,2025-09-02 07:14:34,105,36.9,3996,1
T0011,2025-09-03 06:06:51,84,37.2,11855,1
T0011,2025-09-04 07:34:57,91,36.5,12039,0
T0011,2025-09-07 20:22:18,97,37.0,2563,1
T0011,2025-09-05 01:13:06,89,37.1,8426,0
T0011,2025-09-02 21:43:37,88,37.4,1335,0
T0011,2025-09-02 05:36:37,83,36.6,8295,0
T0011,2025-09-06 03:04:35,69,37.9,9990,0
T0011,2025-09-02 14:34:22,92,37.3,3065,0
T0011,2025-09-05 11:32:15,80,36.5,4659,0
T0011,2025-09-01 13:25:17,99,37.6,14223,0
T0011,2025-09-04 19:35:57,115,37.4,4780,0
T0011,2025-09-01 13:51:47,100,37.8,9039,0
T0011,2025-09-03 15:55:37,71,36.3,7554,1
T0011,2025-09-06 19:21:58,112,36.4,11602,0
T0112,2025-09-07 00:14:57,111,37.9,3550,1
T0112,2025-09-07 01:11:39,90,38.9,12356,1
T0112,2025-09-07 13:21:23,99,37.3,13570,0
T0112,2025-09-03 19:10:54,74,39.0,5601,0
T0112,2025-09-06 09:17:58,112,38.7,7676,0
T0112,2025-09-06 18:22:30,102,37.1,8359,0
T0112,2025-09-04 01:46:09,60,36.2,4571,0
T0112,2025-09-01 18:21:51,115,38.6,4673,0
T0112,2025-09-04 14:35:54,93,36.7,4012,0
T0112,2025-09-01 13:27:13,77,37.8,11125,1
T0112,2025-09-01 09:20:39,99,39.0,6118,0
T0112,2025-09-02 17:37:20,65,37.1,9231,0
T0112,2025-09-01 18:09:00,86,36.7,4832,0
T0112,2025-09-06 04:30:19,82,38.8,2680,0
T0112,2025-09-03 13:39:31,117,36.4,10024,1
T0112,2025-09-02 17:44:26,102,38.9,13184,0
T0112,2025-09-04 13:05:20,85,37.0,3559,1
T0112,2025-09-04 15:34:46,78,36.7,1029,0
T0112,2025-09-01 17:10:16,110,37.0,11133,0
T0112,2025-09-06 10:20:55,92,38.1,13465,0
T0200,2025-09-05 13:05:00,115,37.7,7154,1
T0200,2025-09-04 04:26:41,85,37.6,5810,0
T0200,2025-09-02 07:56:07,63,36.1,14682,0
T0200,2025-09-04 19:09:26,66,37.0,12529,0
T0200,2025-09-04 13:09:21,106,36.2,4706,1
T0200,2025-09-06 05:02:50,99,38.5,10947,0
T0200,2025-09-05 02:12:54,69,38.9,5479,0
T0200,2025-09-05 11:34:45,76,37.0,2599,0
T0200,2025-09-04 00:40:30,120,38.7,6794,0
T0200,2025-09-06 04:04:51,84,38.4,12619,0
T0200,2025-09-07 03:28:29,78,37.7,2531,1
T0200,2025-09-01 13:36:37,109,38.8,3756,0
T0200,2025-09-01 04:22:35,77,38.5,13099,0
T0200,2025-09-01 18:19:39,69,36.1,13336,0
T0200,2025-09-02 17:34:10,120,38.5,12846,0
T0200,2025-09-04 05:54:35,75,36.4,6787,0
T0200,2025-09-02 18:25:40,104,38.7,4905,0
T0200,2025-09-02 10:41:47,103,36.9,8322,0
T0200,2025-09-05 15:01:18,65,38.8,3217,1
T0200,2025-09-06 14:55:03,60,37.2,12169,0
T0042,2025-09-02 16:17:51,61,36.4,4409,0
T0042,2025-09-06 05:31:04,68,37.6,6508,0
T0042,2025-09-04 07:33:18,89,37.8,4141,0
T0042,2025-09-03 15:14:55,88,36.9,9703,1
T0042,2025-09-05 02:11:30,69,38.4,7785,0
T0042,2025-09-01 19:11:20,83,36.6,4624,0
T0042,2025-09-03 02:40:28,88,36.0,10022,1
T0042,2025-09-04 04:08:30,120,38.0,10020,1
T0042,2025-09-01 08:03:05,99,37.5,10979,0
T0042,2025-09-07 07:57:14,108,37.1,5597,0
T0042,2025-09-05 07:43:16,90,37.5,12953,0
T0042,2025-09-05 23:28:29,100,36.8,8397,0
T0042,2025-09-01 17:48:00,90,37.8,5062,0
T0042,2025-09-05 13:00:16,98,38.5,14160,0
T0042,2025-09-02 22:55:20,98,36.8,14267,0
T0042,2025-09-05 22:30:38,96,37.8,10062,0
T0042,2025-09-05 12:13:47,107,36.3,2659,0
T0042,2025-09-01 05:49:54,113,36.2,11296,0
T0042,2025-09-04 22:09:14,111,37.7,3084,1
T0042,2025-09-02 04:46:13,113,37.5,10317,0
T0183,2025-09-02 02:22:14,86,36.2,3067,0
T0183,2025-09-07 15:43:06,84,38.2,4643,0
T0183,2025-09-01 08:42:08,86,38.7,7864,0
T0183,2025-09-06 10:08:56,75,37.7,8255,0
T0183,2025-09-05 16:37:07,112,37.5,1034,0
T0183,2025-09-05 19:05:42,111,36.5,12659,1
T0183,2025-09-07 17:00:32,105,37.5,3993,0
T0183,2025-09-04 10:04:30,74,36.8,12401,1
T0183,2025-09-04 18:26:16,111,38.9,13743,0
T0183,2025-09-07 06:58:24,72,38.2,5282,1
T0183,2025-09-04 16:55:49,60,37.1,10686,0
T0183,2025-09-04 04:20:29,98,38.5,12043,0
T0183,2025-09-02 21:33:28,94,37.5,3334,0
T0183,2025-09-05 17:30:36,115,38.7,6116,0
T0183,2025-09-04 19:26:14,110,36.8,10206,1
T0183,2025-09-06 07:35:09,68,37.7,1369,0
T0183,2025-09-05 14:56:46,112,38.2,6717,1
T0183,2025-09-03 09:11:07,68,38.8,13860,0
T0183,2025-09-02 05:39:42,61,37.2,1976,0
T0183,2025-09-05 19:13:55,120,36.1,10306,1
T0013,2025-09-07 09:18:11,92,36.1,8641,0
T0013,2025-09-06 13:18:18,74,36.4,6299,0
T0013,2025-09-03 18:53:08,119,36.7,4298,0
T0013,2025-09-01 17:29:56,101,36.5,7258,1
T0013,2025-09-05 18:21:54,80,37.5,7841,0
T0013,2025-09-03 14:04:35,86,37.8,3900,0
T0013,2025-09-03 15:30:24,94,37.6,1670,0
T0013,2025-09-01 22:09:08,73,38.3,14097,1
T0013,2025-09-07 21:37:36,89,37.3,6676,1
T0013,2025-09-03 05:44:12,84,38.7,7451,0
T0013,2025-09-06 01:23:32,65,36.7,3289,0
T0013,2025-09-04 23:18:11,119,38.4,5527,0
T0013,2025-09-04 14:14:02,79,36.0,6011,0
T0013,2025-09-06 05:01:56,112,36.3,6522,0
T0013,2025-09-03 05:29:08,65,36.3,4011,0
T0013,2025-09-03 10:31:40,84,36.1,11008,0
T0013,2025-09-02 07:09:33,88,36.7,13631,1
T0013,2025-09-04 00:09:25,70,36.3,1930,0
T0013,2025-09-02 03:37:16,72,38.8,14569,0
T0013,2025-09-06 04:54:49,78,37.6,6620,1
T0087,2025-09-07 21:44:39,73,36.5,13705,0
T0087,2025-09-04 02:47:15,97,38.8,8897,0
T0087,2025-09-06 17:53:55,62,36.2,5822,0
T0087,2025-09-04 11:06:48,117,37.0,4793,1
T0087,2025-09-06 09:59:40,97,38.7,13193,0
T0087,2025-09-05 01:01:43,73,36.1,4684,0
T0087,2025-09-03 17:53:39,95,38.3,3802,0
T0087,2025-09-01 21:13:08,95,36.1,9178,0
T0087,2025-09-04 02:21:23,73,37.9,3825,0
T0087,2025-09-01 14:23:55,78,37.9,9615,1
T0087,2025-09-06 02:49:34,119,36.4,11891,1
T0087,2025-09-04 09:48:05,97,37.0,10965,0
T0087,2025-09-01 20:05:18,60,38.8,12719,0
T0087,2025-09-02 17:43:43,68,38.1,9080,0
T0087,2025-09-06 06:31:38,116,38.6,2913,1
T0087,2025-09-01 22:12:09,104,38.4,13423,0
T0087,2025-09-03 01:45:57,72,38.2,4292,0
T0087,2025-09-02 11:48:32,111,36.4,14755,1
T0087,2025-09-05 11:25:59,91,37.4,5235,0
T0087,2025-09-05 02:27:33,95,38.5,5791,0
T0004,2025-09-06 14:55:09,84,36.3,13744,0
T0004,2025-09-03 00:49:03,114,36.4,14914,1
T0004,2025-09-05 15:43:27,66,36.4,5252,1
T0004,2025-09-03 12:01:27,69,37.9,5163,0
T0004,2025-09-01 15:25:41,111,38.0,12350,1
T0004,2025-09-04 22:12:46,80,38.2,4849,0
T0004,2025-09-03 20:57:54,103,38.5,8571,1
T0004,2025-09-05 06:33:42,102,37.3,2025,1
T0004,2025-09-06 08:33:11,115,38.9,1089,0
T0004,2025-09-02 11:51:37,108,38.5,3532,0
T0004,2025-09-05 05:41:49,88,36.7,1608,1
T0004,2025-09-03 18:08:24,108,37.9,9536,0
T0004,2025-09-01 20:35:35,65,38.8,14659,0
T0004,2025-09-02 02:44:05,113,36.0,6362,1
T0004,2025-09-02 18:10:34,90,38.3,1719,0
T0004,2025-09-05 03:50:03,97,38.8,7914,0
T0004,2025-09-02 16:00:36,87,37.9,12710,0
T0004,2025-09-02 12:50:56,107,38.2,13771,0
T0004,2025-09-01 05:06:11,97,38.0,14256,0
T0004,2025-09-01 17:11:36,115,37.2,3407,1
T0074,2025-09-03 20:00:01,67,36.2,12038,0
T0074,2025-09-01 16:26:53,104,37.4,6303,0
T0074,2025-09-02 23:59:26,86,38.5,8863,0
T0074,2025-09-03 07:21:50,98,36.2,14248,0
T0074,2025-09-06 10:28:22,94,37.3,8185,0
T0074,2025-09-04 07:00:53,119,38.3,14562,0
T0074,2025-09-02 23:43:32,69,38.7,9506,1
T0074,2025-09-07 18:49:25,113,37.2,6628,0
T0074,2025-09-05 09:37:50,84,37.7,6412,0
T0074,2025-09-02 18:18:26,86,38.5,10642,0
T0074,2025-09-06 04:55:19,83,38.1,10201,1
T0074,2025-09-02 15:13:23,62,37.6,8651,0
T0074,2025-09-03 23:59:59,119,38.0,9656,1
T0074,2025-09-05 03:22:29,75,37.0,2174,0
T0074,2025-09-01 11:05:46,73,37.2,2072,0
T0074,2025-09-07 17:44:24,119,37.9,10172,1
T0074,2025-09-06 20:44:56,112,36.8,4953,1
T0074,2025-09-05 15:29:10,104,37.4,3386,0
T0074,2025-09-03 05:23:53,80,37.3,14018,0
T0074,2025-09-07 14:56:25,74,36.2,3497,0
T0060,2025-09-03 07:15:22,80,37.8,14011,0
T0060,2025-09-04 10:55:05,87,38.4,5078,0
T0060,2025-09-07 04:26:35,83,36.8,8711,0
T0060,2025-09-01 13:55:02,110,38.8,11223,0
T0060,2025-09-05 09:27:01,107,37.9,5630,0
T0060,2025-09-03 23:24:54,82,38.0,12904,1
T0060,2025-09-06 20:33:30,77,37.2,4500,0
T0060,2025-09-03 14:12:37,85,38.1,4086,1
T0060,2025-09-03 03:58:40,86,38.2,8252,1
T0060,2025-09-03 23:03:52,108,37.8,5709,0
T0060,2025-09-04 20:12:15,88,37.2,5737,0
T0060,2025-09-01 10:24:47,79,38.8,6985,0
T0060,2025-09-01 11:22:19,109,38.4,8923,0
T0060,2025-09-02 05:51:48,116,38.2,12046,0
T0060,2025-09-01 00:44:22,98,36.9,13423,0
T0060,2025-09-05 03:12:17,61,36.4,3626,0
T0060,2025-09-03 05:24:10,76,38.2,2376,0
T0060,2025-09-02 21:42:18,76,36.3,1714,0
T0060,2025-09-06 05:10:06,119,37.9,11603,0
T0060,2025-09-06 11:16:30,83,37.8,3905,1
T0095,2025-09-04 04:58:10,73,37.1,12367,1
T0095,2025-09-05 15:39:30,84,37.2,14588,0
T0095,2025-09-03 15:51:45,61,38.2,5448,1
T0095,2025-09-04 15:24:12,78,38.5,9426,0
T0095,2025-09-04 11:08:21,119,37.8,8075,0
T0095,2025-09-01 07:44:58,97,38.3,13434,1
T0095,2025-09-06 12:12:24,63,38.9,7586,0
T0095,2025-09-04 07:07:41,87,36.6,1989,0
T0095,2025-09-03 17:13:03,67,36.4,12982,1
T0095,2025-09-01 17:59:17,78,37.2,14706,0
T0095,2025-09-04 08:31:41,89,37.9,10489,0
T0095,2025-09-02 04:53:20,115,38.1,13868,0
T0095,2025-09-01 14:47:09,90,36.3,7016,1
T0095,2025-09-04 22:18:09,109,38.2,12289,0
T0095,2025-09-06 01:04:37,62,38.5,9555,0
T0095,2025-09-07 08:14:24,62,36.2,13041,0
T0095,2025-09-01 11:38:57,79,37.7,9559,0
T0095,2025-09-05 09:14:37,108,37.5,1743,0
T0095,2025-09-01 05:38:06,71,38.9,8742,0
T0095,2025-09-04 13:29:51,72,36.7,8743,0
T0121,2025-09-06 08:40:41,104,38.1,14876,0
T0121,2025-09-07 03:51:00,80,36.5,12445,1
T0121,2025-09-02 03:48:58,112,37.1,14143,0
T0121,2025-09-02 23:49:03,64,37.5,10396,0
T0121,2025-09-06 12:08:03,108,36.1,3031,0
T0121,2025-09-02 11:58:57,79,36.5,9925,1
T0121,2025-09-05 16:25:03,94,36.5,2995,0
T0121,2025-09-05 11:55:20,62,36.8,13609,0
T0121,2025-09-07 03:06:04,115,36.3,9074,0
T0121,2025-09-05 02:38:54,86,39.0,4361,1
T0121,2025-09-01 00:10:27,97,37.6,9432,0
T0121,2025-09-07 04:07:16,89,38.3,12257,1
T0121,2025-09-03 00:34:39,86,36.5,1858,0
T0121,2025-09-07 12:51:23,108,37.8,5859,0
T0121,2025-09-04 03:13:33,107,36.2,8561,0
T0121,2025-09-07 12:04:48,91,38.0,8848,0
T0121,2025-09-04 05:21:06,73,36.5,3433,1
T0121,2025-09-06 17:48:00,114,37.9,2180,0
T0121,2025-09-01 17:03:54,117,38.4,13839,0
T0121,2025-09-07 14:52:53,115,37.5,9453,0
T0147,2025-09-06 22:41:30,60,36.7,10958,0
T0147,2025-09-01 09:34:21,120,36.4,12801,0
T0147,2025-09-03 16:57:13,60,36.7,2787,0
T0147,2025-09-07 16:40:19,120,36.2,10290,0
T0147,2025-09-03 06:50:01,104,38.1,8548,0
T0147,2025-09-04 14:05:51,91,38.0,3710,1
T0147,2025-09-07 13:00:16,77,38.8,6525,1
T0147,2025-09-06 22:08:10,95,37.9,13041,1
T0147,2025-09-04 22:30:55,104,38.2,13091,0
T0147,2025-09-05 08:12:27,116,37.9,9881,0
T0147,2025-09-01 23:56:10,116,37.7,6522,0
T0147,2025-09-01 21:32:07,99,38.6,13930,0
T0147,2025-09-01 15:11:32,117,36.8,8710,0
T0147,2025-09-03 18:46:06,98,36.2,6938,0
T0147,2025-09-03 09:04:36,111,36.1,2810,0
T0147,2025-09-07 16:54:29,73,38.5,1698,0
T0147,2025-09-04 05:34:35,99,38.6,7076,0
T0147,2025-09-05 10:54:31,93,36.0,5328,0
T0147,2025-09-04 18:54:32,74,36.6,8156,0
T0147,2025-09-06 20:48:47,111,36.7,11933,1
T0020,2025-09-01 09:33:19,96,37.2,5182,1
T0020,2025-09-06 02:55:01,82,36.8,3836,0
T0020,2025-09-05 12:57:13,66,38.4,14088,0
T0020,2025-09-01 08:28:38,103,36.8,9670,0
T0020,2025-09-01 22:50:50,70,36.3,1947,0
T0020,2025-09-07 12:59:00,85,38.0,7923,0
T0020,2025-09-05 20:12:07,64,36.5,11541,0
T0020,2025-09-07 02:51:04,62,36.9,13662,0
T0020,2025-09-06 13:21:03,82,38.8,9686,0
T0020,2025-09-02 09:46:54,110,37.9,13586,0
T0020,2025-09-04 10:06:32,109,37.8,6297,1
T0020,2025-09-02 13:28:56,98,38.6,13567,0
T0020,2025-09-06 05:11:51,96,38.1,3114,0
T0020,2025-09-04 12:00:55,104,36.6,2927,0
T0020,2025-09-02 09:03:42,89,38.2,3194,0
T0020,2025-09-07 00:01:46,111,37.2,11720,0
T0020,2025-09-07 02:17:30,102,38.1,3308,0
T0020,2025-09-06 07:25:53,63,38.6,3543,0
T0020,2025-09-02 05:14:15,94,38.8,7409,0
T0020,2025-09-06 01:54:57,93,36.1,6700,1
T0125,2025-09-05 21:33:07,95,36.9,2210,1
T0125,2025-09-05 14:49:13,73,38.9,4271,0
T0125,2025-09-02 08:37:42,96,37.6,11954,0
T0125,2025-09-02 19:13:43,78,36.4,1806,0
T0125,2025-09-03 11:57:44,79,38.6,1266,0
T0125,2025-09-07 19:58:50,87,37.0,13164,0
T0125,2025-09-03 16:45:23,120,37.6,8580,1
T0125,2025-09-04 05:53:12,84,38.5,10788,0
T0125,2025-09-01 11:26:20,87,37.6,3164,1
T0125,2025-09-01 05:37:03,116,36.8,9045,0
T0125,2025-09-02 23:47:52,76,39.0,8044,0
T0125,2025-09-07 01:57:12,92,37.5,1068,0
T0125,2025-09-03 22:28:17,116,36.7,11282,0
T0125,2025-09-05 17:58:44,102,37.2,3126,0
T0125,2025-09-02 06:43:16,120,37.7,2497,0
T0125,2025-09-07 10:50:28,117,36.7,5726,0
T0125,2025-09-03 23:14:42,112,37.5,3600,0
T0125,2025-09-01 18:11:53,73,36.8,7364,0
T0125,2025-09-05 10:56:09,69,37.5,9338,0
T0125,2025-09-01 18:03:29,84,38.1,10553,0
T0023,2025-09-01 02:15:13,105,37.4,2719,0
T0023,2025-09-02 05:25:32,101,36.5,8553,0
T0023,2025-09-04 02:42:11,76,38.7,5239,0
T0023,2025-09-03 22:41:41,106,36.2,11228,0
T0023,2025-09-04 20:49:37,73,37.3,13213,0
T0023,2025-09-05 20:58:09,80,37.8,4362,0
T0023,2025-09-02 06:22:13,72,37.6,1577,0
T0023,2025-09-01 15:11:14,86,37.3,13601,0
T0023,2025-09-02 05:04:27,98,37.2,3129,0
T0023,2025-09-06 12:08:42,70,38.5,1758,0
T0023,2025-09-07 08:37:25,61,37.0,9602,0
T0023,2025-09-04 11:57:44,107,37.5,11211,1
T0023,2025-09-02 04:17:44,70,38.0,13541,0
T0023,2025-09-02 01:21:18,62,36.3,10657,0
T0023,2025-09-01 07:56:50,66,36.2,7361,0
T0023,2025-09-07 12:56:47,109,37.5,5900,0
T0023,2025-09-06 13:15:20,109,38.8,10857,0
T0023,2025-09-04 19:32:28,120,38.7,1885,1
T0023,2025-09-07 10:59:21,67,36.7,7931,0
T0023,2025-09-07 04:54:30,110,38.2,12209,0
T0142,2025-09-01 07:18:33,110,37.2,8334,0
T0142,2025-09-02 08:05:59,105,38.7,14494,1
T0142,2025-09-01 18:10:57,66,38.3,14841,0
T0142,2025-09-06 18:38:18,120,37.5,8726,0
T0142,2025-09-07 04:59:22,98,36.0,9081,1
T0142,2025-09-02 20:32:31,94,36.5,12528,1
T0142,2025-09-06 20:52:28,74,36.0,12465,1
T0142,2025-09-01 01:54:49,112,36.9,2387,0
T0142,2025-09-01 20:19:17,94,38.8,7981,0
T0142,2025-09-01 00:46:25,68,38.1,12464,1
T0142,2025-09-02 16:43:28,106,38.4,13574,0
T0142,2025-09-06 18:15:51,60,37.8,10972,0
T0142,2025-09-01 05:42:28,86,38.1,12419,0
T0142,2025-09-03 16:14:13,110,37.9,8096,0
T0142,2025-09-06 02:35:29,114,36.4,12111,0
T0142,2025-09-02 10:35:23,113,36.8,12044,1
T0142,2025-09-05 15:04:18,90,36.3,11437,0
T0142,2025-09-04 23:18:07,86,37.9,12242,0
T0142,2025-09-03 04:15:38,74,37.2,4605,0
T0142,2025-09-03 02:34:09,90,37.8,8732,0
T0129,2025-09-01 10:25:44,76,36.4,11610,0
T0129,2025-09-05 12:50:44,108,38.5,1701,0
T0129,2025-09-06 03:48:36,90,38.3,4687,0
T0129,2025-09-03 13:59:51,77,38.7,9395,0
T0129,2025-09-05 14:33:40,91,37.9,10100,0
T0129,2025-09-04 19:57:21,117,36.3,6815,1
T0129,2025-09-02 10:42:55,115,37.0,14174,0
T0129,2025-09-03 17:36:13,108,37.1,7472,1
T0129,2025-09-01 21:47:04,106,37.8,12670,0
T0129,2025-09-03 04:36:30,87,38.7,11401,0
T0129,2025-09-06 14:42:13,84,38.1,10398,0
T0129,2025-09-03 02:06:50,110,36.5,10003,0
T0129,2025-09-04 17:56:49,113,38.6,7059,1
T0129,2025-09-02 17:16:45,114,37.2,4376,0
T0129,2025-09-02 14:10:42,105,38.5,13709,0
T0129,2025-09-05 06:53:44,100,36.5,8241,0
T0129,2025-09-02 10:11:27,85,36.8,5284,0
T0129,2025-09-05 23:09:27,119,36.3,5816,0
T0129,2025-09-02 09:14:04,74,37.1,2998,0
T0129,2025-09-01 20:17:25,92,36.2,7540,0
T0054,2025-09-02 21:06:01,80,38.2,6661,0
T0054,2025-09-03 02:53:54,92,37.9,6245,0
T0054,2025-09-04 14:20:23,72,36.5,8966,0
T0054,2025-09-06 13:55:11,100,37.3,8132,0
T0054,2025-09-06 12:28:01,99,37.5,6955,0
T0054,2025-09-02 16:52:24,92,36.4,10964,0
T0054,2025-09-04 14:46:56,63,36.0,10570,0
T0054,2025-09-05 10:55:33,102,36.0,7390,0
T0054,2025-09-04 20:24:59,117,38.3,4833,0
T0054,2025-09-03 04:02:51,67,37.3,2749,0
T0054,2025-09-06 15:25:12,96,38.1,5125,1
T0054,2025-09-05 21:53:45,64,38.9,7272,1
T0054,2025-09-06 22:07:35,79,38.2,10969,0
T0054,2025-09-01 00:01:06,87,38.7,9459,0
T0054,2025-09-03 10:11:56,62,38.8,5978,0
T0054,2025-09-01 08:18:59,76,38.7,3819,1
T0054,2025-09-03 05:11:54,77,36.8,12429,0
T0054,2025-09-06 01:29:58,104,37.3,14375,1
T0054,2025-09-06 20:15:41,64,37.8,4707,1
T0054,2025-09-03 01:58:31,62,38.5,14704,0
T0128,2025-09-02 20:21:42,72,37.5,10721,0
T0128,2025-09-07 04:27:26,82,36.7,11287,0
T0128,2025-09-06 13:40:26,65,37.7,5590,1
T0128,2025-09-03 15:18:36,74,36.1,3430,0
T0128,2025-09-02 08:34:26,103,37.7,14796,0
T0128,2025-09-03 08:14:16,120,37.5,5908,1
T0128,2025-09-03 00:00:47,83,37.9,11185,0
T0128,2025-09-04 15:15:59,86,38.9,8999,0
T0128,2025-09-04 06:31:01,117,37.3,11330,1
T0128,2025-09-02 23:44:14,76,38.7,7086,0
T0128,2025-09-02 02:08:39,71,37.2,11961,0
T0128,2025-09-05 03:35:00,117,37.9,1240,0
T0128,2025-09-01 15:50:29,90,37.1,11354,0
T0128,2025-09-05 13:45:20,65,38.9,14503,0
T0128,2025-09-07 00:48:21,118,38.0,7378,0
T0128,2025-09-04 00:49:09,119,38.5,6373,0
T0128,2025-09-02 02:20:16,93,38.0,11249,0
T0128,2025-09-03 22:18:14,67,38.7,11572,0
T0128,2025-09-02 06:47:28,84,37.3,13390,0
T0128,2025-09-06 07:41:15,86,37.1,14583,0
T0066,2025-09-07 20:33:48,86,38.1,7142,0
T0066,2025-09-07 14:24:15,81,36.7,4357,0
T0066,2025-09-05 01:40:30,88,36.8,5210,0
T0066,2025-09-05 09:08:17,95,36.7,4387,1
T0066,2025-09-05 00:55:20,88,38.9,9678,0
T0066,2025-09-02 17:34:32,65,39.0,6363,0
T0066,2025-09-05 04:12:18,93,37.7,9400,1
T0066,2025-09-05 19:45:37,70,39.0,9299,0
T0066,2025-09-06 12:07:35,100,38.0,3569,1
T0066,2025-09-02 15:10:58,67,36.7,8393,0
T0066,2025-09-01 06:57:28,103,37.0,5836,0
T0066,2025-09-05 00:26:06,83,38.6,3991,0
T0066,2025-09-05 01:52:37,83,38.5,11364,0
T0066,2025-09-03 15:57:53,70,36.6,12648,0
T0066,2025-09-04 11:51:24,97,38.2,7800,0
T0066,2025-09-06 05:43:28,102,36.2,6859,0
T0066,2025-09-01 00:42:11,112,38.7,3911,1
T0066,2025-09-06 19:07:18,70,37.8,14214,1
T0066,2025-09-01 03:36:43,115,38.9,5284,0
T0066,2025-09-01 03:45:29,113,38.3,7784,0
T0146,2025-09-02 00:17:24,73,38.8,12850,0
T0146,2025-09-04 02:07:42,87,38.3,4021,0
T0146,2025-09-05 00:53:44,101,36.0,14865,0
T0146,2025-09-07 17:14:50,104,38.2,9195,0
T0146,2025-09-02 18:58:17,109,37.8,5449,0
T0146,2025-09-07 05:27:53,70,37.6,5492,0
T0146,2025-09-05 17:51:08,72,37.0,8074,0
T0146,2025-09-03 01:26:35,114,37.1,6248,1
T0146,2025-09-02 08:20:00,63,36.7,9976,0
T0146,2025-09-02 00:14:00,109,36.3,6393,0
T0146,2025-09-02 05:10:05,80,36.6,8968,0
T0146,2025-09-06 02:30:17,74,37.6,9659,0
T0146,2025-09-02 21:52:57,96,37.6,1887,0
T0146,2025-09-06 16:46:46,77,36.5,10072,1
T0146,2025-09-01 16:59:57,85,38.7,8458,0
T0146,2025-09-05 12:15:57,119,38.8,2651,0
T0146,2025-09-07 14:04:28,91,39.0,6669,0
T0146,2025-09-06 04:26:48,95,36.6,7673,0
T0146,2025-09-06 02:14:51,94,37.1,9086,0
T0146,2025-09-02 22:07:02,116,36.2,10776,1
T0038,2025-09-03 19:03:18,109,36.9,8705,1
T0038,2025-09-04 09:53:38,112,36.8,1324,1
T0038,2025-09-06 03:59:01,76,37.8,14299,1
T0038,2025-09-07 13:08:03,100,37.3,14301,0
T0038,2025-09-02 09:35:54,83,38.0,11818,0
T0038,2025-09-05 08:19:19,120,36.4,3590,0
T0038,2025-09-02 18:12:18,120,36.1,13484,0
T0038,2025-09-06 09:39:28,110,37.2,4025,0
T0038,2025-09-05 17:28:31,89,37.3,13314,0
T0038,2025-09-07 06:49:18,67,37.2,2847,1
T0038,2025-09-07 10:29:33,118,37.1,2478,0
T0038,2025-09-06 17:45:50,95,36.9,10230,0
T0038,2025-09-07 20:07:28,119,37.7,2308,0
T0038,2025-09-04 22:17:02,116,37.6,6151,0
T0038,2025-09-01 07:46:26,75,36.1,8588,0
T0038,2025-09-07 18:37:20,78,38.8,14900,0
T0038,2025-09-05 09:34:48,118,37.3,4102,0
T0038,2025-09-06 19:16:39,72,38.5,7584,0
T0038,2025-09-05 17:30:59,63,37.4,11232,0
T0038,2025-09-07 05:04:36,88,37.8,2041,0
T0073,2025-09-05 08:23:02,76,38.6,1032,1
T0073,2025-09-02 21:22:35,71,36.3,11776,1
T0073,2025-09-04 08:22:55,65,37.7,11471,0
T0073,2025-09-01 15:14:58,95,38.1,9664,0
T0073,2025-09-04 05:13:34,87,36.4,4827,0
T0073,2025-09-05 15:49:10,76,36.1,4218,0
T0073,2025-09-02 13:17:53,73,38.0,10761,0
T0073,2025-09-05 02:16:03,117,36.8,6467,1
T0073,2025-09-02 17:57:25,74,38.3,6336,0
T0073,2025-09-06 16:00:40,105,37.0,7220,0
T0073,2025-09-01 05:05:43,120,39.0,1984,0
T0073,2025-09-07 13:29:02,80,37.4,12760,1
T0073,2025-09-01 20:37:44,67,36.5,9503,0
T0073,2025-09-01 00:12:08,99,38.9,10209,1
T0073,2025-09-02 10:51:43,117,36.0,8427,1
T0073,2025-09-07 03:59:43,93,36.7,1343,0
T0073,2025-09-07 21:38:24,111,38.3,3211,0
T0073,2025-09-04 19:29:39,78,38.2,9767,1
T0073,2025-09-05 20:40:32,100,37.4,12397,1
T0073,2025-09-01 21:25:14,63,38.5,11708,1
T0031,2025-09-02 08:04:13,61,38.6,3024,0
T0031,2025-09-07 17:24:47,66,39.0,3913,0
T0031,2025-09-01 22:08:57,87,37.6,7019,0
T0031,2025-09-01 02:01:31,97,37.4,11954,0
T0031,2025-09-07 05:15:16,64,38.2,4757,0
T0031,2025-09-02 00:26:52,64,37.6,1300,0
T0031,2025-09-06 17:20:56,69,38.7,14844,1
T0031,2025-09-01 22:33:01,73,38.6,10273,0
T0031,2025-09-01 08:18:33,90,36.2,1506,0
T0031,2025-09-03 03:29:42,101,37.8,3539,0
T0031,2025-09-07 09:51:05,94,38.9,14175,0
T0031,2025-09-02 00:40:03,92,36.7,7928,0
T0031,2025-09-06 03:06:21,103,38.1,8713,0
T0031,2025-09-01 19:42:26,95,37.2,1133,0
T0031,2025-09-04 16:44:51,78,36.4,8940,1
T0031,2025-09-05 10:25:58,94,38.7,11087,0
T0031,2025-09-02 16:35:09,112,37.9,2653,0
T0031,2025-09-05 20:41:44,63,38.9,12514,0
T0031,2025-09-03 01:30:05,84,36.5,14513,0
T0031,2025-09-01 18:29:53,118,37.7,7785,0
T0153,2025-09-03 23:49:40,94,38.1,3954,0
T0153,2025-09-07 10:05:47,87,36.3,10449,0
T0153,2025-09-03 10:57:55,106,38.9,14390,0
T0153,2025-09-05 15:21:18,76,38.7,2131,0
T0153,2025-09-01 22:07:05,117,37.3,5051,0
T0153,2025-09-07 02:52:06,97,37.2,1451,1
T0153,2025-09-04 15:32:43,98,37.2,6206,0
T0153,2025-09-07 13:48:14,79,38.2,8947,0
T0153,2025-09-01 15:57:08,106,38.2,9723,0
T0153,2025-09-04 01:24:37,69,36.4,13903,0
T0153,2025-09-07 19:57:40,113,37.7,12721,0
T0153,2025-09-01 13:07:18,116,37.5,3367,0
T0153,2025-09-02 02:42:49,70,38.3,11664,1
T0153,2025-09-04 05:49:28,115,36.2,14047,0
T0153,2025-09-03 15:33:37,65,37.6,8575,0
T0153,2025-09-01 21:48:02,92,38.4,9507,0
T0153,2025-09-06 12:13:53,93,37.0,8334,0
T0153,2025-09-05 21:38:01,68,36.4,6083,0
T0153,2025-09-07 12:31:55,97,38.3,5019,1
T0153,2025-09-01 01:30:17,100,37.0,2204,0
T0159,2025-09-05 00:14:12,81,36.4,10135,0
T0159,2025-09-01 03:59:13,106,38.0,10410,1
T0159,2025-09-07 06:51:37,115,37.7,10025,0
T0159,2025-09-05 11:26:00,120,36.0,13813,1
T0159,2025-09-04 19:35:42,96,38.5,12676,1
T0159,2025-09-05 16:28:23,60,37.8,1852,0
T0159,2025-09-03 13:39:15,119,36.1,13388,1
T0159,2025-09-06 23:43:46,116,38.8,8137,1
T0159,2025-09-01 11:27:37,81,37.6,3410,1
T0159,2025-09-03 23:37:38,111,36.9,12159,0
T0159,2025-09-01 05:01:50,89,37.2,11001,0
T0159,2025-09-07 16:38:52,111,36.2,11715,1
T0159,2025-09-02 14:35:09,105,38.0,13279,0
T0159,2025-09-03 18:13:07,113,36.4,12460,0
T0159,2025-09-03 18:30:54,114,38.3,13946,0
T0159,2025-09-03 04:54:14,64,38.8,12748,0
T0159,2025-09-01 05:10:15,107,37.8,7682,0
T0159,2025-09-03 07:18:20,89,38.4,11186,0
T0159,2025-09-06 02:40:19,95,36.8,2870,0
T0159,2025-09-01 15:50:18,101,37.4,1592,0
T0035,2025-09-03 14:43:40,110,37.2,10762,0
T0035,2025-09-06 21:23:02,75,36.3,4916,0
T0035,2025-09-06 05:44:19,94,37.8,6387,0
T0035,2025-09-04 00:24:46,98,38.2,7212,1
T0035,2025-09-07 21:12:14,112,38.6,6589,0
T0035,2025-09-01 07:38:19,105,38.4,10718,0
T0035,2025-09-07 14:48:15,79,37.7,1657,1
T0035,2025-09-03 03:25:49,66,38.1,1043,1
T0035,2025-09-07 15:14:38,72,37.7,1868,0
T0035,2025-09-07 01:40:16,72,36.9,4337,0
T0035,2025-09-01 06:03:39,71,38.7,2702,0
T0035,2025-09-03 19:11:22,83,38.7,13659,0
T0035,2025-09-01 17:21:21,111,37.9,9861,0
T0035,2025-09-02 08:41:19,72,36.2,7175,0
T0035,2025-09-04 20:34:18,98,38.4,11566,1
T0035,2025-09-05 06:09:08,69,37.7,12751,0
T0035,2025-09-07 15:28:52,75,37.0,4848,0
T0035,2025-09-03 12:19:41,84,38.9,1910,1
T0035,2025-09-01 23:57:15,112,36.6,13583,0
T0035,2025-09-02 02:23:48,71,37.1,5173,0
T0106,2025-09-01 05:07:09,84,37.9,9156,0
T0106,2025-09-01 19:51:38,84,36.8,9935,0
T0106,2025-09-01 09:12:35,102,37.0,13245,0
T0106,2025-09-04 14:44:28,102,38.8,12708,0
T0106,2025-09-03 12:11:06,91,36.9,3177,1
T0106,2025-09-05 12:17:27,108,38.2,7261,1
T0106,2025-09-04 09:08:14,65,36.4,5927,0
T0106,2025-09-03 15:18:35,70,38.8,13147,0
T0106,2025-09-05 22:23:17,103,38.8,8736,0
T0106,2025-09-04 15:11:41,110,37.8,1709,0
T0106,2025-09-05 14:31:20,84,37.7,5308,0
T0106,2025-09-06 19:23:24,116,38.7,7090,0
T0106,2025-09-01 00:18:53,68,37.6,1581,0
T0106,2025-09-04 11:31:13,99,37.7,8688,1
T0106,2025-09-07 00:53:09,79,38.4,4963,1
T0106,2025-09-04 10:27:51,67,37.0,2969,0
T0106,2025-09-05 06:19:07,100,37.1,11282,0
T0106,2025-09-03 17:46:03,90,37.7,11740,1
T0106,2025-09-06 16:35:21,65,39.0,12815,1
T0106,2025-09-05 07:17:52,77,36.8,14786,0
T0138,2025-09-05 03:55:52,84,36.4,14492,1
T0138,2025-09-07 14:59:50,117,38.5,1044,1
T0138,2025-09-01 13:50:18,63,36.9,10438,0
T0138,2025-09-02 05:19:55,114,37.1,14772,0
T0138,2025-09-02 11:04:23,98,38.8,7857,0
T0138,2025-09-04 15:15:07,98,36.1,1041,0
T0138,2025-09-02 21:23:32,115,37.5,12582,0
T0138,2025-09-07 10:38:07,101,37.8,10597,1
T0138,2025-09-02 12:19:43,83,38.5,13181,0
T0138,2025-09-06 02:07:06,112,38.3,11359,0
T0138,2025-09-03 03:57:49,76,36.8,13871,0
T0138,2025-09-03 13:14:26,98,36.5,4268,0
T0138,2025-09-04 13:26:38,109,36.1,6037,0
T0138,2025-09-06 14:10:45,112,38.4,2644,1
T0138,2025-09-07 10:41:07,103,37.9,5689,0
T0138,2025-09-02 19:10:45,100,37.0,8685,0
T0138,2025-09-07 20:13:14,73,36.3,11208,0
T0138,2025-09-07 22:24:45,70,36.8,8780,0
T0138,2025-09-02 15:00:25,86,38.3,6131,1
T0138,2025-09-03 03:58:02,116,36.5,12736,0
T0017,2025-09-05 07:40:30,114,38.6,13309,0
T0017,2025-09-04 02:41:32,107,36.0,4244,0
T0017,2025-09-02 07:02:41,120,38.7,10730,0
T0017,2025-09-05 09:45:43,102,38.1,8207,1
T0017,2025-09-02 23:58:17,109,36.9,2987,1
T0017,2025-09-06 16:38:34,107,36.0,5227,0
T0017,2025-09-04 08:38:33,83,39.0,6531,0
T0017,2025-09-06 04:39:57,83,37.3,3466,0
T0017,2025-09-07 06:15:33,80,36.4,2171,0
T0017,2025-09-06 16:38:33,66,38.8,9653,0
T0017,2025-09-06 20:32:57,98,38.3,13479,0
T0017,2025-09-07 08:24:20,88,36.5,7387,0
T0017,2025-09-06 13:17:08,81,38.5,1256,1
T0017,2025-09-06 15:46:22,94,36.3,11910,0
T0017,2025-09-06 15:30:36,88,36.3,10478,0
T0017,2025-09-03 18:53:48,86,36.2,9004,0
T0017,2025-09-01 22:57:40,120,36.2,11225,1
T0017,2025-09-07 13:33:51,80,36.9,10590,0
T0017,2025-09-02 02:12:30,60,37.4,6076,1
T0017,2025-09-01 21:10:15,86,38.9,13782,0
T0120,2025-09-02 19:49:19,70,38.8,2437,1
T0120,2025-09-04 20:59:38,108,38.2,8778,1
T0120,2025-09-06 10:40:28,72,36.9,3010,0
T0120,2025-09-06 06:13:32,70,37.1,8500,0
T0120,2025-09-04 16:01:30,96,37.4,10580,0
T0120,2025-09-05 18:33:20,106,36.1,11412,0
T0120,2025-09-06 19:50:46,79,38.8,10421,0
T0120,2025-09-07 16:52:29,96,36.5,4799,0
T0120,2025-09-03 11:50:13,97,38.8,9301,0
T0120,2025-09-01 08:05:35,118,37.1,6255,0
T0120,2025-09-06 14:12:32,64,38.8,13162,0
T0120,2025-09-05 15:24:15,69,36.3,12300,0
T0120,2025-09-01 16:43:57,118,37.6,10121,0
T0120,2025-09-05 03:51:16,86,38.7,9052,0
T0120,2025-09-01 14:23:35,85,38.6,4576,0
T0120,2025-09-03 05:09:41,113,36.6,5290,0
T0120,2025-09-04 11:04:13,83,36.5,3608,0
T0120,2025-09-07 19:32:26,89,38.0,8739,1
T0120,2025-09-02 21:13:56,83,36.8,8092,1
T0120,2025-09-07 09:34:28,98,36.8,3598,0
T0018,2025-09-02 03:41:57,112,38.7,4642,0
T0018,2025-09-06 09:25:42,67,37.5,12938,0
T0018,2025-09-01 22:12:09,64,37.4,12019,0
T0018,2025-09-04 22:32:53,107,37.5,9859,0
T0018,2025-09-03 00:33:20,102,37.9,14831,1
T0018,2025-09-05 16:31:41,72,37.4,6018,0
T0018,2025-09-05 07:11:44,119,38.8,7513,0
T0018,2025-09-03 10:17:02,77,36.1,8221,0
T0018,2025-09-02 07:00:39,86,36.8,6890,1
T0018,2025-09-04 04:05:34,78,37.7,8701,1
T0018,2025-09-04 01:46:15,74,37.4,9993,0
T0018,2025-09-01 12:35:55,98,36.6,7863,0
T0018,2025-09-01 04:19:23,104,38.6,14778,0
T0018,2025-09-06 10:20:43,65,36.3,1407,0
T0018,2025-09-04 14:59:55,100,37.4,4524,0
T0018,2025-09-01 06:42:46,103,37.8,10921,0
T0018,2025-09-02 15:02:15,60,36.5,10649,1
T0018,2025-09-07 05:48:41,111,38.1,5786,1
T0018,2025-09-06 04:17:57,71,37.3,6286,1
T0018,2025-09-04 01:59:22,119,37.1,4677,0
T0022,2025-09-02 01:04:32,85,38.3,1825,0
T0022,2025-09-07 03:43:28,80,38.9,4063,0
T0022,2025-09-01 08:13:41,75,36.2,11918,0
T0022,2025-09-01 11:37:33,105,38.2,8835,0
T0022,2025-09-01 08:18:16,120,37.7,2375,0
T0022,2025-09-07 02:23:13,76,38.9,10535,0
T0022,2025-09-06 06:15:59,60,36.7,1873,1
T0022,2025-09-07 03:23:31,73,36.1,13965,0
T0022,2025-09-02 16:03:48,75,37.3,11845,0
T0022,2025-09-06 14:26:37,111,36.2,14623,0
T0022,2025-09-07 00:07:47,113,37.7,7334,0
T0022,2025-09-05 22:01:51,90,38.9,13556,0
T0022,2025-09-07 01:49:46,69,38.9,4273,0
T0022,2025-09-04 19:12:59,67,36.2,2341,1
T0022,2025-09-05 00:57:11,98,38.6,3978,0
T0022,2025-09-01 00:43:58,73,37.0,13043,1
T0022,2025-09-07 18:07:16,77,38.2,1951,1
T0022,2025-09-03 02:24:10,71,37.4,7230,0
T0022,2025-09-07 11:15:14,75,37.0,9375,1
T0022,2025-09-06 06:36:20,80,37.2,5591,0
T0167,2025-09-05 11:32:06,87,36.0,4311,0
T0167,2025-09-05 17:13:33,101,38.6,1238,0
T0167,2025-09-04 20:14:50,98,37.0,9514,0
T0167,2025-09-03 22:31:46,88,36.1,5311,0
T0167,2025-09-03 14:55:31,101,37.2,9847,1
T0167,2025-09-06 01:55:10,67,36.5,8402,1
T0167,2025-09-03 22:49:06,100,38.2,12428,0
T0167,2025-09-03 20:39:27,88,37.5,7838,0
T0167,2025-09-07 01:06:05,76,37.8,10198,0
T0167,2025-09-02 08:33:21,92,36.8,4277,0
T0167,2025-09-06 12:03:21,78,36.9,11814,0
T0167,2025-09-04 02:28:51,110,38.9,2865,0
T0167,2025-09-07 08:59:41,93,38.1,9526,0
T0167,2025-09-02 15:05:43,88,36.5,8080,0
T0167,2025-09-06 01:09:48,115,37.2,13980,0
T0167,2025-09-06 20:12:21,60,38.0,11425,0
T0167,2025-09-06 11:35:52,113,37.8,9324,0
T0167,2025-09-07 19:58:22,111,38.4,6553,0
T0167,2025-09-03 12:30:38,68,37.1,8288,0
T0167,2025-09-03 22:17:31,86,38.6,10138,0
T0135,2025-09-04 13:30:56,85,38.2,4185,0
T0135,2025-09-01 17:18:16,102,38.9,8750,0
T0135,2025-09-02 00:06:44,93,36.1,14073,0
T0135,2025-09-03 00:09:29,117,37.2,12278,0
T0135,2025-09-06 01:38:15,103,36.5,5901,0
T0135,2025-09-06 20:07:33,67,36.9,12021,0
T0135,2025-09-06 13:30:48,75,38.2,12623,0
T0135,2025-09-06 10:23:34,94,37.3,5973,0
T0135,2025-09-07 03:22:28,60,38.5,6561,0
T0135,2025-09-07 18:42:35,75,37.6,1389,0
T0135,2025-09-07 11:05:15,84,36.4,10679,1
T0135,2025-09-06 12:44:29,84,38.8,2656,0
T0135,2025-09-07 04:45:30,86,36.4,4807,0
T0135,2025-09-02 02:13:56,119,37.3,2230,0
T0135,2025-09-01 08:21:16,107,38.6,11055,0
T0135,2025-09-01 12:51:09,70,36.6,12709,0
T0135,2025-09-01 22:45:20,90,38.0,14791,0
T0135,2025-09-07 00:21:12,106,38.5,10007,0
T0135,2025-09-03 09:45:47,87,37.5,5287,0
T0135,2025-09-03 21:24:11,119,38.3,5905,0
T0191,2025-09-01 12:54:05,100,38.7,14087,0
T0191,2025-09-01 20:28:57,68,36.5,1916,0
T0191,2025-09-01 09:57:35,115,37.4,3302,1
T0191,2025-09-05 15:49:17,74,38.0,12420,0
T0191,2025-09-01 01:41:17,65,37.2,14833,0
T0191,2025-09-03 01:19:08,92,36.0,9497,0
T0191,2025-09-04 14:15:27,101,39.0,14550,0
T0191,2025-09-05 06:23:04,97,37.8,4046,1
T0191,2025-09-01 05:51:11,65,37.8,4156,1
T0191,2025-09-07 19:36:24,115,36.9,1557,0
T0191,2025-09-04 12:12:29,102,37.9,5624,0
T0191,2025-09-04 14:18:45,87,37.3,10745,0
T0191,2025-09-01 21:30:23,64,38.0,2134,1
T0191,2025-09-06 16:23:32,115,38.9,9720,0
T0191,2025-09-01 04:23:23,88,37.2,1067,0
T0191,2025-09-03 15:05:10,77,36.1,12013,0
T0191,2025-09-06 09:01:11,118,36.3,4239,0
T0191,2025-09-01 02:10:00,99,36.6,1355,1
T0191,2025-09-03 17:14:15,103,38.9,2879,0
T0191,2025-09-06 07:28:59,88,37.6,12459,1
T0044,2025-09-01 19:48:42,60,38.4,1053,0
T0044,2025-09-03 12:13:37,92,36.0,14662,0
T0044,2025-09-03 15:00:49,64,36.4,10000,0
T0044,2025-09-04 13:09:00,99,36.5,14849,0
T0044,2025-09-07 15:59:17,87,36.0,3026,0
T0044,2025-09-06 02:52:58,75,38.3,9677,1
T0044,2025-09-01 21:51:58,107,37.3,14883,0
T0044,2025-09-02 08:27:48,95,38.5,1389,1
T0044,2025-09-01 22:48:23,62,36.8,4456,1
T0044,2025-09-02 16:12:34,88,36.1,3785,1
T0044,2025-09-03 19:52:53,105,36.9,13236,0
T0044,2025-09-05 21:02:55,71,38.6,8365,0
T0044,2025-09-04 10:39:37,106,37.7,11725,0
T0044,2025-09-04 04:13:02,112,36.0,6797,0
T0044,2025-09-06 15:19:39,82,37.2,5946,0
T0044,2025-09-01 23:39:58,89,37.8,4400,1
T0044,2025-09-04 13:24:11,102,38.5,12488,0
T0044,2025-09-06 14:54:58,112,38.0,3215,0
T0044,2025-09-01 10:11:37,88,36.7,8510,1
T0044,2025-09-04 07:24:42,70,38.1,1996,1
T0151,2025-09-06 17:53:50,99,38.9,6751,0
T0151,2025-09-05 01:24:27,62,39.0,8483,0
T0151,2025-09-04 06:40:36,116,38.2,1690,1
T0151,2025-09-02 05:24:12,66,36.3,8995,0
T0151,2025-09-01 18:43:02,118,38.6,14982,0
T0151,2025-09-07 12:51:14,115,36.9,1745,0
T0151,2025-09-06 08:30:01,118,38.4,1832,1
T0151,2025-09-05 13:32:40,98,37.3,7693,0
T0151,2025-09-04 06:42:09,119,37.0,11129,0
T0151,2025-09-05 02:13:59,82,36.5,13377,0
T0151,2025-09-04 01:21:46,75,38.4,13710,0
T0151,2025-09-03 02:21:34,120,37.6,11965,1
T0151,2025-09-01 05:43:34,115,36.6,3025,0
T0151,2025-09-05 09:33:17,100,36.7,5452,0
T0151,2025-09-02 18:15:33,98,39.0,5753,0
T0151,2025-09-03 05:21:52,98,37.3,7851,0
T0151,2025-09-02 12:53:45,85,38.4,4758,1
T0151,2025-09-03 02:07:23,63,36.3,13140,0
T0151,2025-09-02 22:24:38,113,38.4,12139,1
T0151,2025-09-02 00:16:20,92,37.4,11941,0
T0063,2025-09-06 03:04:31,70,37.4,9225,0
T0063,2025-09-01 13:22:07,116,38.9,5028,0
T0063,2025-09-07 09:47:05,67,36.5,4965,0
T0063,2025-09-07 03:51:56,103,36.1,8137,0
T0063,2025-09-05 14:51:07,96,37.7,11079,0
T0063,2025-09-06 15:27:13,96,38.0,6877,0
T0063,2025-09-03 06:03:04,75,36.1,12357,1
T0063,2025-09-03 08:23:26,74,37.1,3314,0
T0063,2025-09-05 23:28:00,95,38.2,2741,1
T0063,2025-09-05 23:44:55,61,37.7,8113,0
T0063,2025-09-04 10:46:51,69,38.3,11119,0
T0063,2025-09-07 13:55:26,71,38.5,14916,0
T0063,2025-09-02 21:25:12,118,38.5,14207,0
T0063,2025-09-06 05:49:05,69,38.6,10936,0
T0063,2025-09-06 03:56:07,92,37.9,6886,0
T0063,2025-09-01 08:09:24,79,38.9,1268,0
T0063,2025-09-02 08:06:47,98,36.5,4073,0
T0063,2025-09-04 23:17:58,74,38.0,8065,0
T0063,2025-09-07 04:37:30,69,36.8,5939,1
T0063,2025-09-04 08:33:50,61,38.0,8439,0
T0049,2025-09-03 01:04:37,104,37.4,2529,0
T0049,2025-09-04 16:59:55,96,38.3,6951,0
T0049,2025-09-01 18:15:14,85,36.5,6245,0
T0049,2025-09-02 06:27:41,117,36.9,14724,0
T0049,2025-09-03 14:46:38,120,38.3,5879,0
T0049,2025-09-03 00:55:14,114,37.2,1939,0
T0049,2025-09-01 07:15:39,91,37.6,11791,0
T0049,2025-09-05 22:55:11,107,38.5,11354,0
T0049,2025-09-01 14:44:22,107,36.7,14905,0
T0049,2025-09-03 22:35:38,97,38.7,10142,0
T0049,2025-09-03 09:37:53,70,37.6,8127,0
T0049,2025-09-05 10:27:42,110,38.1,9342,0
T0049,2025-09-03 15:22:49,92,36.2,6485,0
T0049,2025-09-04 17:31:58,81,38.7,8786,0
T0049,2025-09-05 18:24:25,63,38.6,9573,0
T0049,2025-09-02 01:29:03,84,36.5,14295,1
T0049,2025-09-04 06:52:30,78,36.1,2669,0
T0049,2025-09-04 13:37:31,101,37.3,10093,0
T0049,2025-09-02 04:31:25,61,37.6,8582,0
T0049,2025-09-04 04:48:45,120,37.5,14093,0
T0062,2025-09-06 10:23:57,63,36.5,5607,0
T0062,2025-09-03 05:00:12,117,38.1,2261,0
T0062,2025-09-04 06:34:35,73,37.9,10337,1
T0062,2025-09-01 17:44:57,102,38.4,2607,0
T0062,2025-09-07 05:02:46,108,38.5,11348,0
T0062,2025-09-06 06:47:29,84,38.7,8915,0
T0062,2025-09-04 07:57:53,109,36.9,6275,1
T0062,2025-09-07 20:49:48,65,37.2,5251,1
T0062,2025-09-06 12:33:37,108,37.8,12298,0
T0062,2025-09-07 05:05:12,81,36.1,12258,0
T0062,2025-09-07 19:02:36,96,37.3,7717,0
T0062,2025-09-01 11:56:27,64,38.8,2369,1
T0062,2025-09-02 02:36:58,106,37.8,13728,1
T0062,2025-09-02 18:32:10,99,37.1,2877,0
T0062,2025-09-07 08:03:06,100,38.9,8376,0
T0062,2025-09-03 03:22:05,115,37.2,4225,0
T0062,2025-09-06 07:17:25,79,37.6,12432,0
T0062,2025-09-03 05:45:18,87,37.7,11587,0
T0062,2025-09-02 01:45:54,67,38.7,13877,0
T0062,2025-09-01 17:21:12,103,37.1,7391,0
T0193,2025-09-01 10:07:42,99,36.9,2035,1
T0193,2025-09-05 04:00:54,64,37.1,13906,0
T0193,2025-09-02 13:07:35,95,37.8,13627,1
T0193,2025-09-05 03:44:10,92,38.2,14711,0
T0193,2025-09-03 14:44:09,61,36.6,13094,0
T0193,2025-09-01 02:20:02,99,37.0,8464,0
T0193,2025-09-02 05:27:22,89,37.2,14373,0
T0193,2025-09-06 00:18:51,114,38.0,2719,0
T0193,2025-09-01 15:33:10,99,36.7,3281,0
T0193,2025-09-01 11:06:21,76,36.3,13260,0
T0193,2025-09-04 14:02:40,83,38.7,8670,0
T0193,2025-09-04 11:48:08,84,37.1,5349,0
T0193,2025-09-02 16:03:30,88,37.9,12644,0
T0193,2025-09-03 14:11:40,66,37.3,6948,0
T0193,2025-09-01 16:18:37,87,36.1,8574,0
T0193,2025-09-03 09:17:34,103,37.7,11049,0
T0193,2025-09-04 08:55:33,83,37.4,10823,1
T0193,2025-09-03 15:40:04,98,37.9,8237,0
T0193,2025-09-05 20:51:16,72,37.8,11903,0
T0193,2025-09-04 08:26:55,100,38.0,2464,0
T0117,2025-09-04 23:15:23,90,36.6,8193,0
T0117,2025-09-05 09:07:45,94,36.6,13123,0
T0117,2025-09-07 11:30:43,63,38.7,3408,1
T0117,2025-09-05 14:56:39,93,36.7,2375,0
T0117,2025-09-01 01:55:40,96,36.4,9350,1
T0117,2025-09-02 08:27:29,105,38.3,1393,1
T0117,2025-09-07 04:35:06,102,36.3,2507,0
T0117,2025-09-05 01:27:16,61,38.7,8821,0
T0117,2025-09-01 16:36:49,89,37.2,1265,0
T0117,2025-09-03 14:19:01,78,38.0,7594,0
T0117,2025-09-06 19:01:48,76,36.7,3310,0
T0117,2025-09-02 02:17:27,82,38.0,1182,0
T0117,2025-09-05 21:12:50,83,37.7,11113,0
T0117,2025-09-02 06:40:46,83,38.6,8271,0
T0117,2025-09-07 20:16:35,85,38.4,5564,1
T0117,2025-09-02 07:16:22,86,36.6,5363,0
T0117,2025-09-07 00:17:26,104,38.3,8488,0
T0117,2025-09-05 22:28:24,93,38.0,11092,0
T0117,2025-09-07 08:53:21,64,37.7,7954,0
T0117,2025-09-02 07:41:32,105,36.5,4157,0
T0094,2025-09-06 23:04:15,68,38.6,7351,1
T0094,2025-09-01 12:25:21,81,37.5,13442,0
T0094,2025-09-06 02:12:25,118,36.1,8969,1
T0094,2025-09-03 08:25:58,104,37.3,10054,1
T0094,2025-09-05 08:14:00,77,37.8,5157,0
T0094,2025-09-06 13:33:03,87,37.2,7841,1
T0094,2025-09-02 22:54:13,83,36.5,3083,0
T0094,2025-09-01 12:39:36,74,38.3,2042,0
T0094,2025-09-07 11:03:16,105,38.5,10919,0
T0094,2025-09-04 09:35:18,61,36.5,8903,0
T0094,2025-09-06 15:33:17,85,38.2,9440,0
T0094,2025-09-06 10:46:41,103,38.3,1125,0
T0094,2025-09-06 12:44:10,84,36.6,4603,0
T0094,2025-09-04 07:24:39,102,38.4,12290,0
T0094,2025-09-05 02:25:45,112,37.9,1950,1
T0094,2025-09-07 04:06:48,118,38.7,7323,0
T0094,2025-09-02 18:49:18,75,36.4,9838,1
T0094,2025-09-03 05:02:29,103,37.7,9778,0
T0094,2025-09-02 21:59:50,101,37.8,5574,0
T0094,2025-09-02 12:26:59,66,38.9,14194,0
T0179,2025-09-03 07:12:10,72,37.8,11997,0
T0179,2025-09-03 01:33:40,84,37.5,8055,0
T0179,2025-09-01 05:30:59,85,38.8,11739,1
T0179,2025-09-05 23:35:16,118,38.1,2408,0
T0179,2025-09-01 09:40:14,99,38.7,8859,0
T0179,2025-09-02 07:04:12,99,36.2,1425,0
T0179,2025-09-05 09:29:10,71,37.1,6396,0
T0179,2025-09-02 19:26:29,86,36.7,3344,0
T0179,2025-09-07 19:59:31,115,37.4,14533,0
T0179,2025-09-04 21:52:36,87,38.1,11148,1
T0179,2025-09-03 01:57:47,100,38.3,13667,0
T0179,2025-09-06 11:04:05,118,38.9,10326,0
T0179,2025-09-06 10:51:50,94,36.9,2359,0
T0179,2025-09-02 21:45:27,91,39.0,13369,1
T0179,2025-09-07 17:45:06,112,38.4,12453,0
T0179,2025-09-04 09:08:02,75,36.4,9901,0
T0179,2025-09-02 05:14:12,70,37.6,8419,1
T0179,2025-09-04 03:11:16,75,38.7,2461,0
T0179,2025-09-06 15:26:10,66,36.6,9187,1
T0179,2025-09-02 22:28:27,87,38.7,12012,1
T0052,2025-09-01 12:37:22,119,36.6,2437,0
T0052,2025-09-07 14:16:11,73,36.5,14306,0
T0052,2025-09-06 23:41:44,66,37.1,11561,1
T0052,2025-09-02 16:34:10,116,36.3,6427,1
T0052,2025-09-07 18:30:03,70,38.4,5450,0
T0052,2025-09-01 05:57:52,63,36.5,5647,0
T0052,2025-09-06 10:59:34,66,36.5,11397,0
T0052,2025-09-03 04:46:09,102,37.9,13150,1
T0052,2025-09-06 13:49:23,99,38.6,1885,0
T0052,2025-09-04 23:15:14,101,38.2,3177,0
T0052,2025-09-05 01:18:40,101,36.1,3989,1
T0052,2025-09-04 23:37:30,92,38.8,1893,0
T0052,2025-09-01 21:52:23,84,38.2,10276,0
T0052,2025-09-01 21:20:16,83,37.9,14637,0
T0052,2025-09-07 14:19:08,79,38.5,2311,1
T0052,2025-09-03 21:40:26,113,36.8,6425,0
T0052,2025-09-05 23:01:49,82,37.8,14339,0
T0052,2025-09-02 13:46:31,92,38.5,6201,0
T0052,2025-09-07 00:10:58,98,38.2,11352,0
T0052,2025-09-05 11:21:18,105,38.4,11160,0
T0036,2025-09-05 17:52:42,65,38.2,12145,0
T0036,2025-09-06 06:19:09,89,37.1,7987,1
T0036,2025-09-05 01:28:38,80,38.5,7885,1
T0036,2025-09-06 11:10:01,114,38.9,3182,1
T0036,2025-09-05 04:49:12,94,37.8,1352,0
T0036,2025-09-06 21:10:29,76,36.4,8447,0
T0036,2025-09-02 12:06:45,112,37.9,9009,0
T0036,2025-09-07 19:43:13,116,36.7,10776,0
T0036,2025-09-06 08:13:43,94,38.1,3472,0
T0036,2025-09-03 10:53:04,63,37.7,7425,0
T0036,2025-09-03 05:24:14,93,37.6,1011,1
T0036,2025-09-06 13:48:00,92,36.4,4124,1
T0036,2025-09-05 14:07:16,75,37.9,14773,0
T0036,2025-09-07 19:45:52,85,37.7,4116,1
T0036,2025-09-04 07:36:07,81,37.1,1839,1
T0036,2025-09-07 01:46:13,61,37.8,5971,1
T0036,2025-09-01 02:30:46,117,36.6,2104,0
T0036,2025-09-06 23:27:45,61,39.0,12465,1
T0036,2025-09-01 10:02:39,72,36.6,8918,0
T0036,2025-09-04 09:36:41,74,38.8,13561,0
T0124,2025-09-06 10:17:23,108,38.2,14742,0
T0124,2025-09-07 04:52:39,120,38.4,13941,1
T0124,2025-09-06 07:40:58,63,36.6,2218,1
T0124,2025-09-05 19:23:10,114,36.3,11864,0
T0124,2025-09-04 09:10:23,60,37.4,10141,0
T0124,2025-09-04 21:10:57,94,37.3,1314,0
T0124,2025-09-07 13:14:45,114,37.9,6089,0
T0124,2025-09-04 21:58:12,60,36.5,3734,0
T0124,2025-09-05 13:15:01,97,36.5,13542,0
T0124,2025-09-02 14:12:59,86,38.6,2394,0
T0124,2025-09-02 22:16:23,108,37.4,7533,0
T0124,2025-09-04 23:49:21,61,36.3,14718,0
T0124,2025-09-01 10:58:46,101,37.2,5734,0
T0124,2025-09-05 06:36:20,87,36.6,7709,0
T0124,2025-09-04 12:22:15,105,37.2,4209,0
T0124,2025-09-04 07:43:42,74,37.8,6873,1
T0124,2025-09-03 13:34:16,91,36.0,9259,0
T0124,2025-09-03 10:19:35,99,38.9,14048,1
T0124,2025-09-06 02:52:00,86,36.6,5273,0
T0124,2025-09-05 02:33:43,82,38.7,9777,0
T0148,2025-09-06 02:54:30,120,36.1,2169,0
T0148,2025-09-02 05:37:44,75,38.7,10927,0
T0148,2025-09-03 06:36:02,75,36.7,8523,0
T0148,2025-09-03 22:56:31,71,36.6,5290,1
T0148,2025-09-02 21:55:26,114,38.3,11503,0
T0148,2025-09-05 12:25:39,76,37.3,6852,0
T0148,2025-09-01 12:23:06,82,38.0,9983,0
T0148,2025-09-02 10:46:46,78,38.2,12632,0
T0148,2025-09-05 18:12:19,65,37.5,1820,0
T0148,2025-09-06 17:06:43,104,36.5,2083,0
T0148,2025-09-02 12:49:16,106,37.0,12639,1
T0148,2025-09-04 02:23:11,90,37.6,10814,0
T0148,2025-09-07 20:52:16,73,38.8,5596,0
T0148,2025-09-07 11:50:40,61,38.2,2042,0
T0148,2025-09-05 06:30:48,71,36.0,13694,0
T0148,2025-09-05 10:18:14,76,37.6,1510,1
T0148,2025-09-01 06:05:11,92,38.2,1108,1
T0148,2025-09-04 21:50:49,117,37.6,4653,0
T0148,2025-09-01 18:53:41,103,36.9,2320,1
T0148,2025-09-07 01:29:33,82,38.7,7532,1
T0059,2025-09-01 17:08:05,65,36.2,9924,0
T0059,2025-09-04 18:38:27,91,37.6,1805,0
T0059,2025-09-04 11:37:01,119,38.3,3326,0
T0059,2025-09-01 17:07:18,101,37.6,1892,0
T0059,2025-09-03 06:59:41,95,36.7,1561,0
T0059,2025-09-01 08:11:52,95,38.5,3394,0
T0059,2025-09-05 08:14:13,66,37.9,3967,0
T0059,2025-09-06 17:30:21,78,36.1,12058,1
T0059,2025-09-06 17:19:52,88,37.4,4762,0
T0059,2025-09-03 00:01:16,70,37.3,4698,1
T0059,2025-09-01 18:28:39,114,37.9,4323,1
T0059,2025-09-06 05:22:15,61,37.1,6857,1
T0059,2025-09-04 13:23:28,105,38.8,4073,0
T0059,2025-09-01 17:37:01,65,36.0,14280,0
T0059,2025-09-02 16:53:12,71,38.4,8440,0
T0059,2025-09-02 01:37:01,100,38.1,4808,0
T0059,2025-09-05 00:47:16,104,37.6,10022,1
T0059,2025-09-06 16:47:11,76,37.4,7318,1
T0059,2025-09-03 20:32:18,77,37.3,5432,1
T0059,2025-09-02 00:09:55,73,37.2,7149,1
T0127,2025-09-06 06:12:27,74,36.7,10016,0
T0127,2025-09-03 07:33:26,78,36.6,5870,1
T0127,2025-09-02 16:27:18,89,37.1,9517,0
T0127,2025-09-03 08:21:10,84,36.5,8557,0
T0127,2025-09-05 19:44:27,82,37.5,12559,1
T0127,2025-09-05 16:08:00,66,38.6,14257,0
T0127,2025-09-05 14:57:23,109,37.6,6698,1
T0127,2025-09-04 01:23:48,92,37.4,6676,1
T0127,2025-09-05 13:01:53,85,37.9,2225,0
T0127,2025-09-05 05:41:29,82,38.7,1807,0
T0127,2025-09-04 17:25:50,69,37.0,12183,0
T0127,2025-09-02 07:43:16,90,38.7,8742,1
T0127,2025-09-04 00:43:16,69,37.3,14860,0
T0127,2025-09-06 12:13:54,64,36.7,1134,1
T0127,2025-09-07 15:06:58,78,36.5,6850,0
T0127,2025-09-02 06:28:12,65,38.4,6113,1
T0127,2025-09-07 13:00:13,97,38.0,3067,0
T0127,2025-09-04 19:11:12,67,36.2,1386,0
T0127,2025-09-06 05:40:30,93,38.4,5040,0
T0127,2025-09-05 21:40:37,120,37.4,12377,0
T0019,2025-09-04 01:49:24,69,38.9,9630,0
T0019,2025-09-07 00:30:54,71,36.4,5894,0
T0019,2025-09-07 00:43:21,86,38.0,10525,1
T0019,2025-09-06 15:15:14,111,36.5,12266,1
T0019,2025-09-02 11:47:39,82,36.4,2815,0
T0019,2025-09-04 19:35:22,112,37.0,10564,1
T0019,2025-09-07 08:04:05,100,37.8,11345,0
T0019,2025-09-05 00:40:04,64,37.7,5336,1
T0019,2025-09-07 21:51:26,90,37.7,2229,1
T0019,2025-09-07 14:50:56,118,38.3,8067,1
T0019,2025-09-01 06:03:57,117,37.2,12774,0
T0019,2025-09-03 06:34:33,99,37.5,13633,0
T0019,2025-09-03 05:33:58,69,37.5,2500,0
T0019,2025-09-05 12:16:15,107,38.1,8478,0
T0019,2025-09-05 19:09:07,97,37.0,8668,0
T0019,2025-09-03 15:57:26,92,39.0,11564,1
T0019,2025-09-06 22:31:27,66,37.3,13690,0
T0019,2025-09-01 20:01:14,70,36.2,6703,0
T0019,2025-09-01 04:14:16,66,38.8,2009,0
T0019,2025-09-01 05:59:51,104,39.0,7783,0
T0126,2025-09-01 05:09:02,110,36.3,13172,0
T0126,2025-09-06 12:42:10,71,38.2,9449,0
T0126,2025-09-06 13:41:00,107,37.5,3443,0
T0126,2025-09-07 09:40:51,105,37.0,13588,0
T0126,2025-09-01 17:49:37,83,37.4,1721,0
T0126,2025-09-03 02:35:17,103,36.4,4486,1
T0126,2025-09-03 15:41:55,66,36.6,4855,1
T0126,2025-09-06 21:47:15,114,37.5,13575,0
T0126,2025-09-01 09:11:07,100,37.4,8670,0
T0126,2025-09-06 23:46:50,97,37.6,12720,0
T0126,2025-09-02 22:17:38,81,38.4,3873,0
T0126,2025-09-03 15:04:59,85,36.7,1974,0
T0126,2025-09-07 18:08:49,68,38.6,14881,0
T0126,2025-09-02 15:20:50,114,38.0,7016,0
T0126,2025-09-06 14:36:57,66,36.4,10094,0
T0126,2025-09-03 00:03:11,103,38.0,7584,0
T0126,2025-09-04 02:06:07,79,38.9,14208,0
T0126,2025-09-06 00:43:19,85,36.6,1728,0
T0126,2025-09-05 02:50:56,95,36.1,8974,0
T0126,2025-09-06 21:20:54,79,37.8,7367,0
T0008,2025-09-01 23:39:49,115,36.3,1049,0
T0008,2025-09-06 11:13:27,74,37.1,4725,0
T0008,2025-09-07 20:37:35,119,36.8,2344,0
T0008,2025-09-02 01:15:47,66,38.0,11355,0
T0008,2025-09-03 10:55:05,90,36.2,9934,1
T0008,2025-09-06 07:34:06,63,38.4,4242,0
T0008,2025-09-02 12:13:43,102,38.5,4720,0
T0008,2025-09-07 00:14:39,72,36.5,1202,1
T0008,2025-09-05 22:17:59,98,36.4,14889,0
T0008,2025-09-05 00:17:06,104,36.0,11987,0
T0008,2025-09-02 09:07:16,82,36.8,4123,1
T0008,2025-09-05 13:12:18,97,38.3,14007,0
T0008,2025-09-03 13:17:42,65,38.8,1496,0
T0008,2025-09-02 06:49:52,76,38.5,7337,0
T0008,2025-09-01 18:49:48,71,38.1,4304,0
T0008,2025-09-06 04:24:25,95,36.5,3156,0
T0008,2025-09-01 00:26:49,72,37.5,3644,1
T0008,2025-09-03 11:09:13,61,36.6,1528,0
T0008,2025-09-04 07:00:04,114,36.4,8402,0
T0008,2025-09-05 02:30:43,85,38.3,9258,1
T0175,2025-09-05 15:42:38,83,38.9,3981,0
T0175,2025-09-05 18:54:55,104,36.6,9181,0
T0175,2025-09-05 16:04:18,70,36.5,7824,0
T0175,2025-09-05 14:59:12,75,38.6,14647,0
T0175,2025-09-06 03:24:37,88,36.2,8761,0
T0175,2025-09-07 01:23:08,74,38.1,9501,0
T0175,2025-09-06 11:49:26,90,38.7,3981,0
T0175,2025-09-02 14:06:34,89,38.6,3097,0
T0175,2025-09-02 18:20:25,74,36.5,1271,0
T0175,2025-09-07 13:46:28,71,37.0,4374,0
T0175,2025-09-01 18:56:34,60,36.9,9592,0
T0175,2025-09-01 14:58:03,91,36.2,5075,1
T0175,2025-09-04 19:30:35,87,36.8,9374,0
T0175,2025-09-05 11:09:57,79,37.5,3183,1
T0175,2025-09-04 22:48:27,104,38.5,14661,0
T0175,2025-09-05 10:12:37,81,38.9,9279,0
T0175,2025-09-06 07:17:10,79,36.5,3799,0
T0175,2025-09-03 03:42:50,109,38.6,7495,0
T0175,2025-09-02 16:36:10,91,38.9,7724,0
T0175,2025-09-01 02:17:46,63,38.8,7293,0
T0185,2025-09-03 16:41:57,92,37.7,10275,0
T0185,2025-09-04 04:35:40,106,38.4,6749,0
T0185,2025-09-02 19:08:34,70,38.4,4853,0
T0185,2025-09-06 17:24:31,93,37.6,3550,0
T0185,2025-09-05 16:50:59,63,36.0,12526,0
T0185,2025-09-06 09:48:04,112,38.0,2978,1
T0185,2025-09-05 18:51:26,79,37.1,11195,0
T0185,2025-09-01 03:39:01,66,37.0,8680,0
T0185,2025-09-01 15:57:07,98,38.8,5927,0
T0185,2025-09-02 06:05:16,109,37.1,4343,0
T0185,2025-09-04 11:45:55,114,36.4,14823,0
T0185,2025-09-03 05:55:27,67,36.9,13895,1
T0185,2025-09-07 00:15:27,106,38.6,6565,0
T0185,2025-09-01 01:48:40,83,37.7,8325,0
T0185,2025-09-05 17:13:51,62,37.1,14422,0
T0185,2025-09-04 09:46:07,118,37.2,14565,0
T0185,2025-09-01 06:10:54,94,36.4,10881,0
T0185,2025-09-07 09:19:37,118,38.8,7855,0
T0185,2025-09-02 06:42:04,97,36.7,7707,0
T0185,2025-09-02 22:31:50,117,37.4,8404,0
T0033,2025-09-02 00:42:43,84,38.6,7651,0
T0033,2025-09-06 03:49:04,73,38.9,10807,0
T0033,2025-09-01 06:19:45,73,38.9,2714,0
T0033,2025-09-04 14:30:11,97,38.7,10557,0
T0033,2025-09-01 23:52:56,95,36.1,5194,0
T0033,2025-09-02 23:23:35,112,38.3,2333,0
T0033,2025-09-07 07:31:17,67,38.6,13439,1
T0033,2025-09-04 12:34:37,64,36.7,11051,0
T0033,2025-09-06 20:21:19,69,38.9,1732,0
T0033,2025-09-06 03:19:25,107,38.4,4047,0
T0033,2025-09-06 07:33:36,99,37.0,7235,1
T0033,2025-09-06 17:05:28,73,36.1,13134,1
T0033,2025-09-03 03:23:14,101,36.0,11414,0
T0033,2025-09-03 00:10:21,73,36.2,8398,1
T0033,2025-09-01 06:14:28,118,36.3,4755,0
T0033,2025-09-04 04:08:54,60,38.1,4174,0
T0033,2025-09-02 05:25:12,117,38.8,4143,1
T0033,2025-09-03 05:02:47,91,38.8,13371,1
T0033,2025-09-02 13:41:33,118,36.6,5449,0
T0033,2025-09-04 08:30:39,88,38.5,9797,0
T0080,2025-09-07 01:36:08,65,38.1,3574,0
T0080,2025-09-06 06:08:52,71,37.7,8314,0
T0080,2025-09-02 17:22:44,103,36.3,14434,0
T0080,2025-09-03 09:07:49,65,38.4,4483,0
T0080,2025-09-06 04:02:58,101,36.6,8271,1
T0080,2025-09-02 17:42:09,109,37.6,11825,1
T0080,2025-09-04 22:56:33,77,36.6,8180,0
T0080,2025-09-05 07:19:25,112,36.2,1222,0
T0080,2025-09-03 11:00:18,90,37.5,1332,0
T0080,2025-09-02 00:59:29,104,38.7,6959,1
T0080,2025-09-02 08:24:44,115,38.6,2188,0
T0080,2025-09-03 23:27:41,67,36.8,12679,0
T0080,2025-09-02 15:33:09,105,36.1,5402,1
T0080,2025-09-04 04:19:38,117,37.8,12117,0
T0080,2025-09-06 01:38:32,79,38.6,1782,0
T0080,2025-09-04 23:44:46,91,38.5,2068,0
T0080,2025-09-05 07:47:16,80,37.3,6699,0
T0080,2025-09-01 00:44:47,66,38.1,1867,0
T0080,2025-09-02 11:20:44,85,36.3,9656,1
T0080,2025-09-07 19:01:14,68,38.3,11797,1
T0005,2025-09-06 10:22:47,111,36.0,6381,1
T0005,2025-09-06 03:28:18,109,37.7,13095,0
T0005,2025-09-06 18:44:51,100,38.2,1954,0
T0005,2025-09-07 22:09:54,76,38.6,13223,0
T0005,2025-09-05 16:41:05,82,38.3,5118,1
T0005,2025-09-05 08:15:35,91,36.6,5433,1
T0005,2025-09-03 07:10:27,103,38.5,4157,0
T0005,2025-09-02 15:15:12,106,38.1,3710,0
T0005,2025-09-06 08:58:26,82,37.8,14070,0
T0005,2025-09-05 22:22:35,88,36.8,6417,1
T0005,2025-09-05 10:12:31,114,38.8,6542,0
T0005,2025-09-01 22:13:16,100,38.0,6779,1
T0005,2025-09-06 09:47:39,106,37.7,5214,0
T0005,2025-09-05 00:50:49,117,36.4,11940,0
T0005,2025-09-04 18:31:08,98,36.4,6615,0
T0005,2025-09-06 17:27:12,86,38.0,8650,0
T0005,2025-09-07 17:26:33,119,38.5,4005,1
T0005,2025-09-05 04:19:11,112,39.0,3324,1
T0005,2025-09-05 18:48:11,113,36.4,11081,1
T0005,2025-09-05 03:35:11,106,37.4,13659,0
T0158,2025-09-02 06:32:24,66,37.8,13545,0
T0158,2025-09-04 08:40:47,73,37.1,2709,0
T0158,2025-09-06 01:36:18,71,37.1,7421,0
T0158,2025-09-06 05:24:46,97,38.1,5090,1
T0158,2025-09-03 01:32:32,108,38.3,3185,0
T0158,2025-09-07 20:26:37,92,36.9,6743,1
T0158,2025-09-02 20:28:18,64,38.6,3496,0
T0158,2025-09-03 22:30:15,97,37.9,5428,0
T0158,2025-09-06 15:28:05,105,36.7,9640,0
T0158,2025-09-04 03:30:21,104,38.5,7737,0
T0158,2025-09-06 20:27:43,98,37.8,4249,0
T0158,2025-09-05 13:03:01,116,38.7,11915,0
T0158,2025-09-04 07:27:14,81,36.4,7109,0
T0158,2025-09-07 19:52:31,64,38.8,8056,0
T0158,2025-09-01 00:27:52,71,37.8,1593,1
T0158,2025-09-01 14:10:40,110,37.7,8234,0
T0158,2025-09-03 06:56:17,81,38.0,12483,0
T0158,2025-09-04 14:17:54,71,38.9,1021,1
T0158,2025-09-01 15:05:03,80,37.9,12232,1
T0158,2025-09-04 09:45:25,97,36.4,6232,0
T0014,2025-09-02 19:18:28,101,36.2,10529,0
T0014,2025-09-03 11:30:35,85,37.7,3867,0
T0014,2025-09-01 13:26:11,88,36.2,12683,0
T0014,2025-09-06 22:27:23,70,38.1,12126,0
T0014,2025-09-01 10:13:18,101,38.4,8216,0
T0014,2025-09-01 17:52:08,94,36.1,11101,0
T0014,2025-09-04 12:43:51,103,37.7,13815,0
T0014,2025-09-05 22:43:55,68,36.9,2198,0
T0014,2025-09-05 23:45:27,68,36.5,5637,0
T0014,2025-09-02 05:48:17,77,38.6,11409,0
T0014,2025-09-01 08:30:43,76,37.1,12235,0
T0014,2025-09-01 09:14:11,104,36.1,11295,0
T0014,2025-09-01 21:53:52,65,37.9,14229,0
T0014,2025-09-05 19:00:10,86,37.9,14691,0
T0014,2025-09-06 05:41:01,60,37.1,8591,0
T0014,2025-09-05 09:11:48,84,36.1,12275,0
T0014,2025-09-01 03:55:20,79,38.0,6661,0
T0014,2025-09-03 11:51:52,78,38.1,5325,0
T0014,2025-09-01 09:11:25,65,36.3,9900,0
T0014,2025-09-05 17:25:08,64,36.1,12667,1
T0012,2025-09-06 05:05:47,65,36.5,4245,0
T0012,2025-09-05 03:04:58,90,38.9,6695,0
T0012,2025-09-02 01:19:07,84,37.8,2242,0
T0012,2025-09-02 19:24:21,61,37.0,8518,0
T0012,2025-09-03 04:10:11,100,38.3,5597,1
T0012,2025-09-03 15:09:46,102,36.1,6691,0
T0012,2025-09-06 05:09:06,117,38.1,4757,0
T0012,2025-09-04 02:22:06,103,36.7,12648,1
T0012,2025-09-02 16:54:03,108,37.1,2297,0
T0012,2025-09-07 21:28:32,92,36.6,3525,0
T0012,2025-09-01 08:09:04,84,36.4,13996,0
T0012,2025-09-07 22:09:27,79,37.2,6806,1
T0012,2025-09-07 10:52:48,87,36.7,8670,1
T0012,2025-09-07 04:57:45,60,36.2,5432,0
T0012,2025-09-05 11:53:22,106,37.9,9785,1
T0012,2025-09-06 10:32:41,77,38.9,11110,0
T0012,2025-09-07 08:26:16,85,38.8,5241,1
T0012,2025-09-06 23:06:04,88,38.3,1493,0
T0012,2025-09-02 07:46:06,103,38.4,3946,0
T0012,2025-09-05 14:40:23,62,38.6,3557,0
T0078,2025-09-05 11:31:42,115,39.0,6398,0
T0078,2025-09-02 10:24:22,74,37.4,10645,0
T0078,2025-09-07 08:52:30,100,37.1,13993,1
T0078,2025-09-07 02:01:31,96,36.3,4399,0
T0078,2025-09-05 00:26:26,76,38.4,5178,0
T0078,2025-09-07 04:48:18,120,37.6,5839,0
T0078,2025-09-05 15:59:14,74,36.9,11135,0
T0078,2025-09-06 09:06:55,93,36.9,5166,0
T0078,2025-09-01 10:18:25,117,36.8,8006,0
T0078,2025-09-01 17:09:11,71,38.6,13820,1
T0078,2025-09-01 17:24:25,82,38.6,1196,0
T0078,2025-09-07 17:08:58,84,39.0,9374,0
T0078,2025-09-02 09:11:01,71,37.8,10874,0
T0078,2025-09-02 21:21:20,102,39.0,1470,0
T0078,2025-09-06 06:33:08,96,36.0,8124,0
T0078,2025-09-07 04:58:50,114,36.5,13071,1
T0078,2025-09-07 12:07:55,107,36.3,5166,0
T0078,2025-09-07 03:00:04,120,37.3,4537,0
T0078,2025-09-06 22:06:57,86,37.5,10778,1
T0078,2025-09-07 13:48:11,77,37.9,8224,0
T0176,2025-09-05 08:46:37,102,37.2,6244,0
T0176,2025-09-05 09:23:32,81,38.8,3891,0
T0176,2025-09-03 15:35:17,102,36.6,1595,0
T0176,2025-09-06 22:21:32,115,38.9,14024,0
T0176,2025-09-04 04:18:31,69,36.3,5005,1
T0176,2025-09-01 14:27:33,107,37.1,2523,0
T0176,2025-09-01 02:36:58,88,36.7,2918,0
T0176,2025-09-06 22:01:51,86,36.4,4541,0
T0176,2025-09-02 18:31:12,110,38.5,1992,0
T0176,2025-09-03 17:18:34,81,38.2,8342,0
T0176,2025-09-05 14:43:41,77,38.3,8648,0
T0176,2025-09-06 14:52:14,83,37.9,1720,0
T0176,2025-09-02 04:42:13,75,38.4,9179,0
T0176,2025-09-07 10:36:05,94,36.9,14014,0
T0176,2025-09-02 02:42:40,110,36.5,11698,0
T0176,2025-09-05 07:24:35,68,38.8,6635,0
T0176,2025-09-01 16:59:34,97,38.3,6841,0
T0176,2025-09-03 19:12:57,84,36.1,2950,0
T0176,2025-09-03 13:12:14,110,38.8,4945,1
T0176,2025-09-05 10:36:24,84,36.1,14267,0
T0163,2025-09-03 16:56:15,61,37.0,11354,0
T0163,2025-09-04 21:34:48,67,38.9,12154,0
T0163,2025-09-04 06:45:47,94,37.6,2877,0
T0163,2025-09-04 18:15:24,114,36.5,3151,0
T0163,2025-09-04 17:16:38,105,38.9,14441,1
T0163,2025-09-01 14:52:11,71,36.0,13864,0
T0163,2025-09-01 06:28:11,71,37.5,11093,1
T0163,2025-09-05 12:35:44,70,37.3,2963,0
T0163,2025-09-05 19:20:30,93,36.1,5768,1
T0163,2025-09-07 12:04:51,106,38.4,3037,0
T0163,2025-09-06 04:23:21,74,36.1,11227,0
T0163,2025-09-06 08:23:45,89,37.8,2191,1
T0163,2025-09-02 23:21:13,64,37.5,8777,0
T0163,2025-09-01 00:00:52,82,38.1,5849,0
T0163,2025-09-04 15:13:19,74,36.4,11060,0
T0163,2025-09-02 16:55:12,90,38.0,14656,1
T0163,2025-09-06 09:19:23,94,38.3,10991,1
T0163,2025-09-01 09:19:21,64,37.0,14279,0
T0163,2025-09-07 11:32:32,98,38.4,12848,0
T0163,2025-09-03 16:34:03,118,37.8,8236,0
T0079,2025-09-03 02:13:04,63,38.2,13042,0
T0079,2025-09-03 19:27:26,92,38.2,1543,0
T0079,2025-09-02 19:47:10,80,37.7,14100,0
T0079,2025-09-03 12:56:38,106,36.0,3094,0
T0079,2025-09-03 06:21:09,120,37.5,3890,0
T0079,2025-09-07 10:47:07,101,38.0,14893,0
T0079,2025-09-01 23:54:27,120,36.9,4378,1
T0079,2025-09-06 16:53:31,66,36.0,2376,1
T0079,2025-09-01 13:52:03,111,38.2,4020,0
T0079,2025-09-06 20:26:21,104,36.4,9658,0
T0079,2025-09-07 08:58:01,112,36.4,1372,0
T0079,2025-09-04 21:35:35,98,38.9,8879,0
T0079,2025-09-07 14:38:17,67,37.6,5885,0
T0079,2025-09-03 21:59:24,78,36.8,8808,0
T0079,2025-09-05 12:53:43,101,38.3,8545,0
T0079,2025-09-04 07:40:33,116,37.1,5266,1
T0079,2025-09-02 23:05:00,77,37.4,3191,0
T0079,2025-09-06 20:27:31,95,37.4,12190,1
T0079,2025-09-03 23:11:15,76,36.2,10055,0
T0079,2025-09-03 12:39:57,62,36.6,5829,1
T0171,2025-09-02 03:44:22,69,37.7,4663,0
T0171,2025-09-02 00:11:11,69,37.5,9166,0
T0171,2025-09-01 19:55:08,68,38.6,10739,0
T0171,2025-09-07 16:45:32,94,37.1,11888,0
T0171,2025-09-02 23:42:02,120,38.5,7385,0
T0171,2025-09-04 04:46:26,103,37.6,7337,0
T0171,2025-09-05 10:05:38,96,37.1,11025,0
T0171,2025-09-02 21:19:19,77,36.3,12155,1
T0171,2025-09-01 12:59:09,98,36.8,3074,0
T0171,2025-09-06 23:46:25,84,38.9,9154,0
T0171,2025-09-05 19:53:56,82,37.3,1690,1
T0171,2025-09-07 13:53:29,99,37.6,4878,0
T0171,2025-09-07 22:16:22,91,37.9,9389,0
T0171,2025-09-07 20:03:34,73,37.4,11412,0
T0171,2025-09-01 20:16:48,80,38.3,4226,0
T0171,2025-09-01 22:24:04,92,38.8,9252,1
T0171,2025-09-06 03:31:36,84,37.0,14825,0
T0171,2025-09-07 21:12:58,92,38.5,7225,1
T0171,2025-09-05 02:16:43,100,36.5,12149,0
T0171,2025-09-02 14:00:40,79,36.9,7473,0
T0098,2025-09-01 00:38:52,114,38.6,13810,0
T0098,2025-09-03 12:10:50,65,36.6,8757,0
T0098,2025-09-06 03:22:11,117,36.7,14484,0
T0098,2025-09-03 10:06:41,108,38.5,9859,1
T0098,2025-09-06 09:11:46,102,37.4,7830,0
T0098,2025-09-04 17:55:56,70,38.3,8331,0
T0098,2025-09-05 05:35:04,95,37.2,5972,0
T0098,2025-09-05 07:50:24,93,36.1,14653,1
T0098,2025-09-04 19:19:58,70,36.1,13657,0
T0098,2025-09-05 11:59:47,108,36.6,1417,1
T0098,2025-09-01 03:33:02,120,39.0,1220,0
T0098,2025-09-07 10:25:47,95,38.8,14325,1
T0098,2025-09-07 13:48:49,68,37.4,4819,0
T0098,2025-09-01 05:12:35,71,36.6,12150,0
T0098,2025-09-02 10:04:44,60,37.6,5497,0
T0098,2025-09-07 03:41:23,110,37.0,14914,1
T0098,2025-09-06 21:33:00,66,38.6,14155,0
T0098,2025-09-07 21:45:52,111,37.2,10886,0
T0098,2025-09-03 13:22:19,107,36.9,10389,0
T0098,2025-09-04 10:28:04,108,36.5,8028,0
T0186,2025-09-03 12:19:24,83,36.7,13153,1
T0186,2025-09-04 20:07:21,73,37.8,4086,0
T0186,2025-09-03 06:09:31,98,38.1,11011,0
T0186,2025-09-03 01:17:26,78,38.1,14589,0
T0186,2025-09-02 13:17:08,101,38.7,6853,0
T0186,2025-09-02 09:43:34,120,37.8,10273,0
T0186,2025-09-01 10:01:02,118,38.5,5651,0
T0186,2025-09-04 10:36:59,96,38.0,4456,1
T0186,2025-09-06 17:37:48,68,36.7,3560,1
T0186,2025-09-06 21:09:08,95,36.2,6172,0
T0186,2025-09-03 21:05:17,68,37.1,9480,0
T0186,2025-09-01 15:24:30,79,36.5,9961,0
T0186,2025-09-06 01:58:41,68,36.0,9350,0
T0186,2025-09-06 15:38:16,81,37.4,11124,1
T0186,2025-09-01 01:30:48,113,38.3,4335,1
T0186,2025-09-02 19:31:45,113,38.2,11449,0
T0186,2025-09-03 11:23:28,83,37.0,14579,0
T0186,2025-09-04 04:10:57,73,38.9,5245,1
T0186,2025-09-04 23:45:48,84,36.2,9129,0
T0186,2025-09-01 23:41:15,79,37.2,10162,1
T0006,2025-09-01 10:21:54,106,37.8,7513,1
T0006,2025-09-04 21:45:08,62,37.4,5928,0
T0006,2025-09-03 08:19:39,115,37.1,9725,0
T0006,2025-09-03 11:09:26,117,37.7,12844,0
T0006,2025-09-01 04:33:10,118,37.5,10801,0
T0006,2025-09-01 05:48:10,68,38.2,11448,0
T0006,2025-09-02 09:28:19,112,37.7,10622,0
T0006,2025-09-05 00:42:55,112,37.7,4318,0
T0006,2025-09-07 01:00:36,96,37.3,11860,1
T0006,2025-09-05 18:01:53,94,37.2,3626,0
T0006,2025-09-05 07:51:34,66,38.4,6711,0
T0006,2025-09-06 05:01:04,62,38.1,13067,0
T0006,2025-09-03 13:36:53,113,38.4,9643,0
T0006,2025-09-04 09:27:22,99,37.6,2360,0
T0006,2025-09-01 13:06:13,70,38.4,14774,0
T0006,2025-09-07 16:47:39,93,38.0,6791,0
T0006,2025-09-01 06:19:38,70,38.8,2048,0
T0006,2025-09-01 20:07:38,91,38.7,10254,0
T0006,2025-09-06 19:54:55,94,37.9,2903,0
T0006,2025-09-05 07:21:35,88,38.8,11650,0
T0152,2025-09-07 20:25:26,73,37.2,2196,0
T0152,2025-09-03 12:50:30,107,36.2,12280,1
T0152,2025-09-05 00:48:58,77,37.7,9671,0
T0152,2025-09-04 10:58:45,98,36.1,2325,0
T0152,2025-09-03 12:41:58,60,36.3,12286,0
T0152,2025-09-06 06:43:44,108,38.4,2277,0
T0152,2025-09-07 17:00:24,90,38.2,10112,0
T0152,2025-09-06 09:31:08,93,38.8,11284,0
T0152,2025-09-06 09:23:37,94,37.3,4415,1
T0152,2025-09-04 21:39:34,68,36.9,4100,0
T0152,2025-09-05 22:15:57,64,38.1,10407,0
T0152,2025-09-02 02:39:53,67,36.9,7758,1
T0152,2025-09-04 07:22:31,91,37.9,4523,0
T0152,2025-09-05 21:40:13,70,38.7,8029,1
T0152,2025-09-01 04:25:07,117,37.2,2107,1
T0152,2025-09-01 23:55:46,89,38.7,8099,0
T0152,2025-09-06 12:17:47,84,36.4,7270,0
T0152,2025-09-06 04:02:22,109,37.7,2437,0
T0152,2025-09-04 20:06:55,61,37.1,3726,1
T0152,2025-09-01 17:59:39,74,38.8,3260,0
T0081,2025-09-05 00:27:07,86,38.9,2847,1
T0081,2025-09-03 13:18:47,65,37.0,9469,0
T0081,2025-09-06 18:35:41,92,37.0,4532,1
T0081,2025-09-03 09:08:37,110,38.4,2659,1
T0081,2025-09-03 23:34:58,75,38.8,13778,1
T0081,2025-09-05 07:29:50,113,37.8,6172,1
T0081,2025-09-02 18:57:17,80,37.8,14971,0
T0081,2025-09-03 23:10:33,112,38.5,4435,1
T0081,2025-09-07 15:11:39,60,37.4,5597,0
T0081,2025-09-02 01:47:15,107,37.6,9693,0
T0081,2025-09-01 16:23:45,66,38.3,6041,1
T0081,2025-09-07 01:18:09,120,38.1,7941,1
T0081,2025-09-04 09:31:23,71,37.5,14365,0
T0081,2025-09-05 06:14:24,69,38.0,5856,0
T0081,2025-09-01 09:26:08,103,38.0,7341,0
T0081,2025-09-05 10:21:16,75,37.0,11113,0
T0081,2025-09-07 19:09:43,112,37.5,4251,0
T0081,2025-09-05 15:20:25,119,38.6,2515,0
T0081,2025-09-07 14:39:42,97,37.4,5490,0
T0081,2025-09-07 05:25:21,88,36.2,14401,0
T0130,2025-09-05 15:28:56,72,36.6,5787,0
T0130,2025-09-02 20:03:46,113,37.2,3221,0
T0130,2025-09-07 08:16:49,73,38.7,4145,0
T0130,2025-09-05 07:56:27,81,38.2,14941,0
T0130,2025-09-07 07:32:20,61,38.7,13997,0
T0130,2025-09-05 19:59:57,72,38.8,6451,0
T0130,2025-09-02 11:14:24,108,37.6,1715,0
T0130,2025-09-06 16:12:43,71,38.4,14669,0
T0130,2025-09-02 19:39:34,95,37.5,2423,0
T0130,2025-09-04 04:30:27,75,38.2,12150,0
T0130,2025-09-02 14:39:05,68,38.7,11278,0
T0130,2025-09-01 23:14:17,100,37.6,2135,0
T0130,2025-09-05 21:11:18,106,36.0,5602,0
T0130,2025-09-05 12:01:25,101,38.0,7540,0
T0130,2025-09-01 17:28:23,83,36.7,6463,0
T0130,2025-09-01 04:36:21,102,36.6,9108,0
T0130,2025-09-07 02:41:54,87,38.7,14351,1
T0130,2025-09-07 20:43:23,120,38.8,13301,0
T0130,2025-09-07 21:25:36,101,37.5,3242,0
T0130,2025-09-01 19:08:09,116,36.4,9393,0
T0083,2025-09-07 13:28:58,99,38.7,8205,0
T0083,2025-09-06 10:34:47,115,36.7,9076,1
T0083,2025-09-01 12:36:31,82,36.3,8159,0
T0083,2025-09-04 02:15:29,73,37.8,1713,0
T0083,2025-09-04 16:07:48,60,38.8,10614,1
T0083,2025-09-05 22:12:13,89,38.2,1436,0
T0083,2025-09-05 11:11:49,82,37.5,9474,1
T0083,2025-09-07 10:33:29,78,38.1,2741,0
T0083,2025-09-06 18:02:56,73,36.3,4207,0
T0083,2025-09-04 12:56:12,118,36.7,12819,0
T0083,2025-09-07 04:24:34,65,38.5,14711,0
T0083,2025-09-01 14:16:21,66,36.7,8351,0
T0083,2025-09-01 06:57:20,113,38.7,2941,0
T0083,2025-09-04 22:52:24,118,38.7,14781,0
T0083,2025-09-03 10:35:29,90,37.4,9095,0
T0083,2025-09-03 22:46:25,106,36.2,6081,0
T0083,2025-09-05 07:39:53,119,37.1,11735,0
T0083,2025-09-06 10:06:33,68,36.4,14183,1
T0083,2025-09-06 09:13:08,66,38.1,2775,0
T0083,2025-09-01 17:05:37,86,37.9,7987,0
T0198,2025-09-03 07:34:31,109,39.0,13033,0
T0198,2025-09-03 15:19:48,76,36.6,11616,1
T0198,2025-09-03 12:14:05,98,37.8,3896,0
T0198,2025-09-04 12:29:37,113,36.8,13143,0
T0198,2025-09-06 19:34:02,115,36.4,6649,0
T0198,2025-09-07 09:41:46,88,38.8,3752,0
T0198,2025-09-02 05:34:27,112,38.1,4600,0
T0198,2025-09-05 23:43:35,64,38.0,9970,1
T0198,2025-09-04 18:09:53,80,37.1,5663,0
T0198,2025-09-04 20:35:37,95,36.9,4062,0
T0198,2025-09-03 02:42:01,103,36.3,11703,0
T0198,2025-09-02 14:51:32,101,36.3,9253,0
T0198,2025-09-01 18:45:29,72,37.5,2814,1
T0198,2025-09-02 01:34:14,114,38.0,6992,0
T0198,2025-09-06 23:23:29,97,38.0,7606,1
T0198,2025-09-03 14:23:17,82,38.9,3603,0
T0198,2025-09-07 10:57:08,82,37.5,14142,1
T0198,2025-09-06 11:29:02,60,36.9,10876,1
T0198,2025-09-07 21:10:57,85,37.5,6192,0
T0198,2025-09-03 09:26:53,69,36.3,8510,1
T0091,2025-09-05 18:53:36,116,36.7,1018,0
T0091,2025-09-06 01:42:22,86,37.1,13285,1
T0091,2025-09-02 17:57:53,68,36.0,10421,0
T0091,2025-09-07 15:20:04,95,38.0,6012,0
T0091,2025-09-06 09:55:20,64,38.3,13453,1
T0091,2025-09-01 11:27:11,119,38.3,9571,1
T0091,2025-09-03 12:03:13,90,36.0,1261,1
T0091,2025-09-01 06:24:05,81,38.0,9799,1
T0091,2025-09-04 07:49:28,104,37.0,14202,0
T0091,2025-09-02 15:45:26,82,36.6,7324,0
T0091,2025-09-02 23:28:00,60,36.7,2193,0
T0091,2025-09-06 19:04:32,89,38.4,14668,0
T0091,2025-09-05 11:08:24,118,36.3,10761,0
T0091,2025-09-01 00:16:48,84,36.5,8372,0
T0091,2025-09-05 00:06:47,94,38.2,5774,0
T0091,2025-09-04 08:43:14,69,38.5,6174,0
T0091,2025-09-07 00:40:45,118,38.9,6668,0
T0091,2025-09-02 22:40:11,92,37.1,13834,0
T0091,2025-09-05 22:23:48,89,36.6,9979,0
T0091,2025-09-05 03:33:17,120,38.1,7976,0
T0109,2025-09-01 05:26:33,82,37.2,1132,0
T0109,2025-09-04 14:34:40,115,36.0,10839,0
T0109,2025-09-03 14:32:34,81,38.8,8078,0
T0109,2025-09-03 17:31:08,61,36.5,14470,0
T0109,2025-09-07 01:00:09,74,37.9,7272,1
T0109,2025-09-07 03:21:09,81,38.8,1332,0
T0109,2025-09-02 14:27:05,105,36.0,13682,1
T0109,2025-09-06 14:26:31,83,37.1,3917,1
T0109,2025-09-07 04:18:37,101,37.6,13488,0
T0109,2025-09-05 15:20:52,71,37.3,1239,0
T0109,2025-09-05 02:41:01,110,36.3,13311,0
T0109,2025-09-03 04:37:26,117,38.7,13921,0
T0109,2025-09-03 16:12:44,91,36.0,14581,0
T0109,2025-09-03 03:02:28,100,37.9,11366,0
T0109,2025-09-02 11:37:19,90,38.9,14675,0
T0109,2025-09-02 01:27:39,103,36.8,6061,0
T0109,2025-09-02 19:04:32,89,37.3,10624,0
T0109,2025-09-02 04:20:35,67,37.8,13587,0
T0109,2025-09-04 08:23:13,113,38.9,14554,1
T0109,2025-09-02 00:54:46,119,37.4,6651,0
T0181,2025-09-06 12:15:42,82,36.6,9158,1
T0181,2025-09-01 17:19:57,97,37.3,12827,0
T0181,2025-09-02 15:15:54,80,36.7,12818,0
T0181,2025-09-06 03:46:47,117,36.9,12064,0
T0181,2025-09-03 18:36:03,84,37.4,13278,1
T0181,2025-09-05 11:59:24,71,37.9,6439,0
T0181,2025-09-05 03:26:21,76,38.6,1597,0
T0181,2025-09-02 08:57:08,73,37.9,5527,0
T0181,2025-09-05 11:32:45,86,37.5,1637,0
T0181,2025-09-04 01:35:43,79,37.9,3452,0
T0181,2025-09-07 07:59:29,79,37.1,13282,0
T0181,2025-09-05 13:20:28,105,36.8,10092,1
T0181,2025-09-06 21:09:21,96,38.8,11683,1
T0181,2025-09-02 14:53:29,113,36.4,14957,0
T0181,2025-09-04 09:17:09,67,39.0,13626,0
T0181,2025-09-07 10:52:36,120,39.0,4865,0
T0181,2025-09-06 00:54:52,78,36.6,10076,1
T0181,2025-09-04 20:32:54,99,36.4,6463,0
T0181,2025-09-07 20:14:14,110,37.0,6988,1
T0181,2025-09-06 13:57:47,83,38.8,10605,1
T0115,2025-09-03 09:31:27,71,37.1,12306,1
T0115,2025-09-04 16:52:51,65,37.1,7575,1
T0115,2025-09-01 23:26:33,60,38.0,7607,1
T0115,2025-09-07 13:10:41,76,38.3,13973,0
T0115,2025-09-02 08:42:35,79,37.7,12831,1
T0115,2025-09-05 20:55:57,69,38.1,2807,1
T0115,2025-09-06 04:58:58,66,38.9,12265,0
T0115,2025-09-05 00:57:55,61,36.6,3668,1
T0115,2025-09-01 12:40:24,80,36.4,2649,0
T0115,2025-09-04 02:49:11,88,38.9,4201,0
T0115,2025-09-06 09:45:25,114,36.8,1301,0
T0115,2025-09-07 15:15:57,118,36.2,8432,0
T0115,2025-09-03 20:35:45,88,38.2,11597,0
T0115,2025-09-06 19:43:52,104,36.6,12637,0
T0115,2025-09-03 22:43:23,113,38.1,2041,1
T0115,2025-09-03 22:41:22,100,36.5,8393,0
T0115,2025-09-02 22:41:40,94,36.5,9109,1
T0115,2025-09-03 20:11:23,70,38.3,13228,0
T0115,2025-09-05 02:47:55,82,37.3,3780,0
T0115,2025-09-06 08:23:41,60,39.0,8584,0
