SOS_ID,Tourist_ID,SOS_Type,SOS_Time,Response_Time_Minutes,Resolved
1,710,Health,2025-01-01 00:00:00,35,No
2,471,Health,2025-01-01 02:00:00,27,Yes
3,920,Health,2025-01-01 04:00:00,23,Yes
4,41,Safety,2025-01-01 06:00:00,48,Yes
5,106,Health,2025-01-01 08:00:00,8,Yes
6,311,Natural Disaster,2025-01-01 10:00:00,6,No
7,697,Health,2025-01-01 12:00:00,49,Yes
8,542,Theft,2025-01-01 14:00:00,55,Yes
9,117,Natural Disaster,2025-01-01 16:00:00,39,No
10,405,Theft,2025-01-01 18:00:00,22,Yes
11,116,Theft,2025-01-01 20:00:00,30,Yes
12,79,Safety,2025-01-01 22:00:00,53,Yes
13,772,Health,2025-01-02 00:00:00,59,Yes
14,525,Health,2025-01-02 02:00:00,27,Yes
15,633,Natural Disaster,2025-01-02 04:00:00,35,Yes
16,44,Natural Disaster,2025-01-02 06:00:00,39,Yes
17,709,Safety,2025-01-02 08:00:00,26,No
18,149,Safety,2025-01-02 10:00:00,10,No
19,87,Theft,2025-01-02 12:00:00,34,Yes
20,615,Health,2025-01-02 14:00:00,16,Yes
21,801,Safety,2025-01-02 16:00:00,11,No
22,4,Health,2025-01-02 18:00:00,30,Yes
23,39,Safety,2025-01-02 20:00:00,8,Yes
24,69,Theft,2025-01-02 22:00:00,3,Yes
25,474,Health,2025-01-03 00:00:00,24,Yes
26,408,Safety,2025-01-03 02:00:00,4,Yes
27,159,Theft,2025-01-03 04:00:00,13,Yes
28,579,Theft,2025-01-03 06:00:00,20,No
29,413,Natural Disaster,2025-01-03 08:00:00,9,Yes
30,590,Health,2025-01-03 10:00:00,27,Yes
31,408,Health,2025-01-03 12:00:00,58,No
32,159,Natural Disaster,2025-01-03 14:00:00,35,Yes
33,164,Health,2025-01-03 16:00:00,35,No
34,102,Safety,2025-01-03 18:00:00,42,Yes
35,285,Natural Disaster,2025-01-03 20:00:00,30,No
36,982,Health,2025-01-03 22:00:00,30,Yes
37,59,Health,2025-01-04 00:00:00,52,No
38,146,Safety,2025-01-04 02:00:00,47,No
39,323,Health,2025-01-04 04:00:00,59,Yes
40,341,Theft,2025-01-04 06:00:00,5,Yes
41,606,Safety,2025-01-04 08:00:00,44,No
42,127,Health,2025-01-04 10:00:00,9,Yes
43,810,Health,2025-01-04 12:00:00,14,Yes
44,305,Theft,2025-01-04 14:00:00,49,No
45,801,Natural Disaster,2025-01-04 16:00:00,19,Yes
46,77,Safety,2025-01-04 18:00:00,58,Yes
47,183,Health,2025-01-04 20:00:00,3,No
48,847,Safety,2025-01-04 22:00:00,42,Yes
49,905,Theft,2025-01-05 00:00:00,29,Yes
50,277,Health,2025-01-05 02:00:00,56,No
51,61,Safety,2025-01-05 04:00:00,55,No
52,98,Natural Disaster,2025-01-05 06:00:00,16,Yes
53,89,Natural Disaster,2025-01-05 08:00:00,52,Yes
54,482,Natural Disaster,2025-01-05 10:00:00,20,Yes
55,255,Health,2025-01-05 12:00:00,56,Yes
56,877,Natural Disaster,2025-01-05 14:00:00,12,Yes
57,353,Health,2025-01-05 16:00:00,23,No
58,298,Safety,2025-01-05 18:00:00,38,No
59,896,Safety,2025-01-05 20:00:00,26,No
60,575,Theft,2025-01-05 22:00:00,23,No
61,391,Health,2025-01-06 00:00:00,15,No
62,560,Natural Disaster,2025-01-06 02:00:00,59,No
63,359,Safety,2025-01-06 04:00:00,48,No
64,423,Theft,2025-01-06 06:00:00,8,Yes
65,167,Natural Disaster,2025-01-06 08:00:00,8,Yes
66,143,Health,2025-01-06 10:00:00,55,No
67,937,Safety,2025-01-06 12:00:00,56,Yes
68,946,Safety,2025-01-06 14:00:00,10,No
69,668,Theft,2025-01-06 16:00:00,27,No
70,167,Natural Disaster,2025-01-06 18:00:00,30,Yes
71,667,Health,2025-01-06 20:00:00,14,Yes
72,782,Natural Disaster,2025-01-06 22:00:00,26,Yes
73,449,Safety,2025-01-07 00:00:00,59,Yes
74,910,Theft,2025-01-07 02:00:00,26,Yes
75,666,Health,2025-01-07 04:00:00,9,No
76,685,Health,2025-01-07 06:00:00,55,No
77,935,Natural Disaster,2025-01-07 08:00:00,58,No
78,941,Safety,2025-01-07 10:00:00,3,No
79,560,Safety,2025-01-07 12:00:00,45,Yes
80,703,Theft,2025-01-07 14:00:00,29,No
81,269,Health,2025-01-07 16:00:00,26,No
82,981,Safety,2025-01-07 18:00:00,2,Yes
83,85,Safety,2025-01-07 20:00:00,34,Yes
84,988,Natural Disaster,2025-01-07 22:00:00,40,Yes
85,703,Natural Disaster,2025-01-08 00:00:00,26,Yes
86,769,Theft,2025-01-08 02:00:00,43,Yes
87,812,Natural Disaster,2025-01-08 04:00:00,44,Yes
88,73,Health,2025-01-08 06:00:00,18,Yes
89,721,Health,2025-01-08 08:00:00,21,Yes
90,180,Safety,2025-01-08 10:00:00,40,Yes
91,483,Health,2025-01-08 12:00:00,57,No
92,82,Safety,2025-01-08 14:00:00,33,Yes
93,791,Safety,2025-01-08 16:00:00,43,No
94,110,Theft,2025-01-08 18:00:00,43,No
95,665,Health,2025-01-08 20:00:00,12,No
96,492,Health,2025-01-08 22:00:00,51,Yes
97,651,Health,2025-01-09 00:00:00,42,No
98,468,Theft,2025-01-09 02:00:00,5,No
99,990,Natural Disaster,2025-01-09 04:00:00,53,No
100,319,Theft,2025-01-09 06:00:00,52,Yes
101,951,Safety,2025-01-09 08:00:00,35,No
102,24,Health,2025-01-09 10:00:00,22,No
103,548,Theft,2025-01-09 12:00:00,23,No
104,735,Health,2025-01-09 14:00:00,14,Yes
105,135,Safety,2025-01-09 16:00:00,9,Yes
106,644,Theft,2025-01-09 18:00:00,42,Yes
107,706,Natural Disaster,2025-01-09 20:00:00,53,Yes
108,828,Theft,2025-01-09 22:00:00,26,Yes
109,235,Theft,2025-01-10 00:00:00,49,Yes
110,342,Natural Disaster,2025-01-10 02:00:00,24,Yes
111,663,Health,2025-01-10 04:00:00,2,No
112,345,Theft,2025-01-10 06:00:00,10,No
113,155,Natural Disaster,2025-01-10 08:00:00,16,Yes
114,123,Safety,2025-01-10 10:00:00,38,Yes
115,468,Health,2025-01-10 12:00:00,54,Yes
116,386,Health,2025-01-10 14:00:00,56,Yes
117,763,Natural Disaster,2025-01-10 16:00:00,33,No
118,565,Health,2025-01-10 18:00:00,30,No
119,37,Theft,2025-01-10 20:00:00,11,No
120,664,Natural Disaster,2025-01-10 22:00:00,15,No
121,124,Natural Disaster,2025-01-11 00:00:00,59,No
122,915,Natural Disaster,2025-01-11 02:00:00,57,No
123,524,Natural Disaster,2025-01-11 04:00:00,49,No
124,687,Theft,2025-01-11 06:00:00,35,Yes
125,172,Health,2025-01-11 08:00:00,23,Yes
126,493,Health,2025-01-11 10:00:00,26,Yes
127,855,Natural Disaster,2025-01-11 12:00:00,52,No
128,763,Safety,2025-01-11 14:00:00,48,No
129,928,Natural Disaster,2025-01-11 16:00:00,22,No
130,962,Health,2025-01-11 18:00:00,29,Yes
131,401,Natural Disaster,2025-01-11 20:00:00,19,No
132,990,Natural Disaster,2025-01-11 22:00:00,29,Yes
133,646,Safety,2025-01-12 00:00:00,35,No
134,783,Natural Disaster,2025-01-12 02:00:00,2,No
135,678,Health,2025-01-12 04:00:00,26,Yes
136,511,Health,2025-01-12 06:00:00,54,No
137,59,Theft,2025-01-12 08:00:00,41,Yes
138,74,Safety,2025-01-12 10:00:00,55,No
139,814,Theft,2025-01-12 12:00:00,51,Yes
140,466,Safety,2025-01-12 14:00:00,38,No
141,550,Safety,2025-01-12 16:00:00,43,No
142,905,Theft,2025-01-12 18:00:00,9,No
143,873,Natural Disaster,2025-01-12 20:00:00,26,Yes
144,535,Natural Disaster,2025-01-12 22:00:00,2,No
145,183,Theft,2025-01-13 00:00:00,23,No
146,744,Health,2025-01-13 02:00:00,10,Yes
147,881,Theft,2025-01-13 04:00:00,4,No
148,613,Safety,2025-01-13 06:00:00,49,Yes
149,888,Safety,2025-01-13 08:00:00,17,Yes
150,251,Natural Disaster,2025-01-13 10:00:00,47,Yes
151,951,Natural Disaster,2025-01-13 12:00:00,44,No
152,579,Natural Disaster,2025-01-13 14:00:00,14,No
153,794,Safety,2025-01-13 16:00:00,6,No
154,69,Health,2025-01-13 18:00:00,45,No
155,982,Natural Disaster,2025-01-13 20:00:00,41,No
156,228,Safety,2025-01-13 22:00:00,10,No
157,657,Theft,2025-01-14 00:00:00,2,No
158,320,Theft,2025-01-14 02:00:00,22,No
159,902,Natural Disaster,2025-01-14 04:00:00,55,Yes
160,875,Theft,2025-01-14 06:00:00,22,Yes
161,847,Safety,2025-01-14 08:00:00,5,Yes
162,247,Theft,2025-01-14 10:00:00,37,No
163,301,Theft,2025-01-14 12:00:00,7,Yes
164,862,Safety,2025-01-14 14:00:00,34,Yes
165,744,Natural Disaster,2025-01-14 16:00:00,5,Yes
166,191,Safety,2025-01-14 18:00:00,55,Yes
167,931,Natural Disaster,2025-01-14 20:00:00,30,No
168,810,Theft,2025-01-14 22:00:00,33,Yes
169,650,Theft,2025-01-15 00:00:00,17,No
170,950,Safety,2025-01-15 02:00:00,9,No
171,390,Safety,2025-01-15 04:00:00,14,No
172,897,Natural Disaster,2025-01-15 06:00:00,28,Yes
173,9,Theft,2025-01-15 08:00:00,33,No
174,912,Safety,2025-01-15 10:00:00,23,Yes
175,592,Safety,2025-01-15 12:00:00,33,Yes
176,869,Theft,2025-01-15 14:00:00,53,Yes
177,225,Health,2025-01-15 16:00:00,3,No
178,247,Health,2025-01-15 18:00:00,32,No
179,235,Theft,2025-01-15 20:00:00,11,No
180,491,Health,2025-01-15 22:00:00,32,No
181,461,Natural Disaster,2025-01-16 00:00:00,27,Yes
182,612,Health,2025-01-16 02:00:00,52,No
183,67,Theft,2025-01-16 04:00:00,59,Yes
184,597,Natural Disaster,2025-01-16 06:00:00,36,No
185,573,Natural Disaster,2025-01-16 08:00:00,40,No
186,688,Natural Disaster,2025-01-16 10:00:00,21,Yes
187,535,Safety,2025-01-16 12:00:00,14,Yes
188,353,Safety,2025-01-16 14:00:00,45,No
189,609,Safety,2025-01-16 16:00:00,49,No
190,203,Natural Disaster,2025-01-16 18:00:00,3,No
191,150,Natural Disaster,2025-01-16 20:00:00,23,No
192,218,Natural Disaster,2025-01-16 22:00:00,18,No
193,859,Safety,2025-01-17 00:00:00,37,Yes
194,653,Natural Disaster,2025-01-17 02:00:00,28,Yes
195,74,Natural Disaster,2025-01-17 04:00:00,37,No
196,904,Natural Disaster,2025-01-17 06:00:00,29,No
197,339,Safety,2025-01-17 08:00:00,36,Yes
198,236,Theft,2025-01-17 10:00:00,28,Yes
199,822,Health,2025-01-17 12:00:00,46,Yes
200,282,Theft,2025-01-17 14:00:00,53,Yes
201,632,Natural Disaster,2025-01-17 16:00:00,51,No
202,496,Theft,2025-01-17 18:00:00,5,Yes
203,152,Natural Disaster,2025-01-17 20:00:00,55,Yes
204,765,Natural Disaster,2025-01-17 22:00:00,41,Yes
205,748,Health,2025-01-18 00:00:00,16,Yes
206,570,Natural Disaster,2025-01-18 02:00:00,23,No
207,380,Theft,2025-01-18 04:00:00,6,No
208,181,Theft,2025-01-18 06:00:00,4,Yes
209,740,Safety,2025-01-18 08:00:00,2,No
210,324,Theft,2025-01-18 10:00:00,6,No
211,757,Theft,2025-01-18 12:00:00,51,Yes
212,403,Health,2025-01-18 14:00:00,56,Yes
213,971,Safety,2025-01-18 16:00:00,36,No
214,687,Health,2025-01-18 18:00:00,20,No
215,905,Health,2025-01-18 20:00:00,34,Yes
216,871,Natural Disaster,2025-01-18 22:00:00,42,No
217,693,Health,2025-01-19 00:00:00,38,Yes
218,191,Health,2025-01-19 02:00:00,27,No
219,621,Theft,2025-01-19 04:00:00,4,Yes
220,108,Health,2025-01-19 06:00:00,14,Yes
221,174,Natural Disaster,2025-01-19 08:00:00,2,Yes
222,214,Safety,2025-01-19 10:00:00,10,Yes
223,960,Natural Disaster,2025-01-19 12:00:00,55,Yes
224,570,Theft,2025-01-19 14:00:00,29,No
225,402,Natural Disaster,2025-01-19 16:00:00,10,Yes
226,81,Theft,2025-01-19 18:00:00,46,No
227,477,Safety,2025-01-19 20:00:00,12,Yes
228,334,Natural Disaster,2025-01-19 22:00:00,27,No
229,743,Health,2025-01-20 00:00:00,16,Yes
230,589,Theft,2025-01-20 02:00:00,13,No
231,759,Health,2025-01-20 04:00:00,17,No
232,200,Natural Disaster,2025-01-20 06:00:00,27,No
233,794,Natural Disaster,2025-01-20 08:00:00,34,No
234,298,Natural Disaster,2025-01-20 10:00:00,52,Yes
235,394,Health,2025-01-20 12:00:00,22,No
236,349,Safety,2025-01-20 14:00:00,33,Yes
237,506,Health,2025-01-20 16:00:00,35,Yes
238,644,Theft,2025-01-20 18:00:00,19,Yes
239,34,Natural Disaster,2025-01-20 20:00:00,14,No
240,183,Theft,2025-01-20 22:00:00,32,No
241,514,Natural Disaster,2025-01-21 00:00:00,14,No
242,750,Theft,2025-01-21 02:00:00,49,No
243,106,Safety,2025-01-21 04:00:00,52,Yes
244,910,Theft,2025-01-21 06:00:00,37,Yes
245,724,Theft,2025-01-21 08:00:00,42,No
246,998,Health,2025-01-21 10:00:00,19,No
247,928,Theft,2025-01-21 12:00:00,58,No
248,287,Safety,2025-01-21 14:00:00,16,No
249,498,Natural Disaster,2025-01-21 16:00:00,36,Yes
250,819,Natural Disaster,2025-01-21 18:00:00,26,No
251,595,Safety,2025-01-21 20:00:00,21,Yes
252,893,Safety,2025-01-21 22:00:00,18,Yes
253,280,Natural Disaster,2025-01-22 00:00:00,57,Yes
254,104,Theft,2025-01-22 02:00:00,14,Yes
255,572,Natural Disaster,2025-01-22 04:00:00,28,Yes
256,923,Health,2025-01-22 06:00:00,6,Yes
257,24,Theft,2025-01-22 08:00:00,13,No
258,979,Theft,2025-01-22 10:00:00,40,No
259,279,Natural Disaster,2025-01-22 12:00:00,38,No
260,333,Safety,2025-01-22 14:00:00,12,No
261,53,Safety,2025-01-22 16:00:00,54,No
262,819,Safety,2025-01-22 18:00:00,38,No
263,147,Natural Disaster,2025-01-22 20:00:00,4,Yes
264,293,Natural Disaster,2025-01-22 22:00:00,13,Yes
265,608,Safety,2025-01-23 00:00:00,18,Yes
266,335,Health,2025-01-23 02:00:00,10,No
267,751,Safety,2025-01-23 04:00:00,9,No
268,808,Natural Disaster,2025-01-23 06:00:00,2,No
269,269,Theft,2025-01-23 08:00:00,30,No
270,715,Natural Disaster,2025-01-23 10:00:00,21,Yes
271,32,Health,2025-01-23 12:00:00,35,No
272,436,Safety,2025-01-23 14:00:00,48,No
273,856,Theft,2025-01-23 16:00:00,53,No
274,524,Theft,2025-01-23 18:00:00,59,No
275,237,Natural Disaster,2025-01-23 20:00:00,12,No
276,620,Safety,2025-01-23 22:00:00,37,No
277,687,Safety,2025-01-24 00:00:00,5,No
278,285,Natural Disaster,2025-01-24 02:00:00,10,Yes
279,822,Theft,2025-01-24 04:00:00,36,Yes
280,703,Safety,2025-01-24 06:00:00,19,No
281,54,Health,2025-01-24 08:00:00,20,No
282,6,Natural Disaster,2025-01-24 10:00:00,47,No
283,589,Safety,2025-01-24 12:00:00,27,Yes
284,177,Theft,2025-01-24 14:00:00,44,Yes
285,530,Theft,2025-01-24 16:00:00,30,Yes
286,961,Health,2025-01-24 18:00:00,47,Yes
287,682,Theft,2025-01-24 20:00:00,10,No
288,816,Safety,2025-01-24 22:00:00,8,Yes
289,637,Theft,2025-01-25 00:00:00,39,Yes
290,368,Health,2025-01-25 02:00:00,22,No
291,891,Safety,2025-01-25 04:00:00,24,No
292,610,Health,2025-01-25 06:00:00,14,No
293,390,Health,2025-01-25 08:00:00,32,Yes
294,791,Safety,2025-01-25 10:00:00,17,No
295,767,Safety,2025-01-25 12:00:00,8,No
296,145,Natural Disaster,2025-01-25 14:00:00,21,Yes
297,188,Health,2025-01-25 16:00:00,30,Yes
298,418,Theft,2025-01-25 18:00:00,32,Yes
299,119,Health,2025-01-25 20:00:00,43,No
300,513,Health,2025-01-25 22:00:00,18,Yes
